Date,Close,High,Low,Open,Volume
2023-03-24,15914.7001953125,15921.9697265625,15845.990234375,15869.83984375,2914300
2023-03-27,15830.3095703125,15902.0595703125,15821.6298828125,15873.669921875,2706800
2023-03-28,15701.48046875,15846.5400390625,15685.58984375,15790.7001953125,2545400
2023-03-29,15769.759765625,15811.2001953125,15681.099609375,15766.2900390625,2376300
2023-03-30,15849.4296875,15885.2099609375,15791.75,15824.650390625,2266900
2023-03-31,15868.0595703125,15951.7998046875,15857.1904296875,15874.1904296875,2440300
2023-04-06,15810.76953125,15838.0703125,15733.2900390625,15838.0703125,2513500
2023-04-07,15836.5,15877.990234375,15811.1904296875,15856.1904296875,2199900
2023-04-10,15876.169921875,15919.759765625,15850.9404296875,15850.9404296875,2220400
2023-04-11,15913.8798828125,15945.6298828125,15838.099609375,15886.4599609375,2744200
2023-04-12,15932.9697265625,15944.3203125,15867.01953125,15914.150390625,3138100
2023-04-13,15804.759765625,15913.2001953125,15800.419921875,15888.6298828125,3825100
2023-04-14,15929.4296875,15973.8203125,15854.25,15854.25,3492400
2023-04-17,15963.5498046875,15963.5498046875,15894.76953125,15934.6396484375,3396900
2023-04-18,15869.4404296875,15967.8896484375,15851.7099609375,15967.8896484375,3344600
2023-04-19,15770.4697265625,15915.3896484375,15756.75,15874.650390625,3554800
2023-04-20,15707.51953125,15804.3798828125,15686.5400390625,15771.4501953125,3170900
2023-04-21,15602.990234375,15802.9296875,15592.9599609375,15776.5400390625,3512500
2023-04-24,15626.8701171875,15643.8603515625,15529.3896484375,15555.099609375,2474500
2023-04-25,15370.73046875,15639.490234375,15353.2197265625,15606.830078125,3449300
2023-04-26,15374.6298828125,15398.400390625,15284.4599609375,15352.0302734375,2745800
2023-04-27,15411.490234375,15455.8798828125,15306.6904296875,15374.3896484375,2616700
2023-04-28,15579.1796875,15580.6298828125,15477.33984375,15477.33984375,2999300
2023-05-02,15636.48046875,15651.23046875,15532.6298828125,15588.6796875,2915700
2023-05-03,15553.41015625,15629.509765625,15530.7900390625,15629.509765625,2511600
2023-05-04,15609.0302734375,15622.41015625,15523.5,15548.01953125,2461600
2023-05-05,15626.0703125,15673.6201171875,15578.669921875,15627.9296875,2294100
2023-05-08,15699.5703125,15757.7998046875,15648.5400390625,15648.5400390625,2829600
2023-05-09,15727.7001953125,15744.26953125,15635.900390625,15702.259765625,2864700
2023-05-10,15641.759765625,15711.3896484375,15579.490234375,15708.48046875,2366700
2023-05-11,15514.6396484375,15675.3701171875,15501.580078125,15666.490234375,2769100
2023-05-12,15502.3603515625,15545.990234375,15424.419921875,15477.1201171875,2711900
2023-05-15,15475.0498046875,15510.08984375,15434.51953125,15489.1796875,2444700
2023-05-16,15673.900390625,15723.9501953125,15550.5703125,15550.5703125,2617800
2023-05-17,15925.2900390625,15961.9697265625,15698.6298828125,15702.740234375,3099200
2023-05-18,16101.8798828125,16128.7197265625,16015.6201171875,16060.259765625,3379800
2023-05-19,16174.919921875,16189.8095703125,16099.900390625,16146.2900390625,3955600
2023-05-22,16180.8896484375,16202.919921875,16131.5498046875,16168.740234375,3311200
2023-05-23,16188.0302734375,16239.5,16121.4501953125,16186.150390625,3041900
2023-05-24,16159.3203125,16186.6201171875,16070.16015625,16186.6201171875,2938400
2023-05-25,16292.0,16323.76953125,16163.9501953125,16163.9501953125,3551900
2023-05-26,16505.05078125,16537.7890625,16457.740234375,16509.140625,3981600
2023-05-29,16636.30078125,16683.759765625,16597.380859375,16610.859375,3879200
2023-05-30,16622.740234375,16681.189453125,16579.130859375,16648.76953125,3645500
2023-05-31,16578.9609375,16636.650390625,16491.900390625,16593.529296875,5023700
2023-06-01,16512.650390625,16555.5,16477.4296875,16511.0,3888600
2023-06-02,16706.91015625,16752.19921875,16525.0,16525.0,4585600
2023-06-05,16714.4296875,16781.189453125,16703.599609375,16714.48046875,4575100
2023-06-06,16761.66015625,16793.810546875,16699.830078125,16712.98046875,3861900
2023-06-07,16922.48046875,16922.48046875,16771.759765625,16771.759765625,3721800
2023-06-08,16733.689453125,16899.509765625,16694.2109375,16864.1796875,3859300
2023-06-09,16886.400390625,16895.990234375,16775.919921875,16775.919921875,3598000
2023-06-12,16955.369140625,16999.720703125,16899.490234375,16899.490234375,3731500
2023-06-13,17216.599609375,17254.9609375,17129.23046875,17135.83984375,3764800
2023-06-14,17238.140625,17259.23046875,17182.1796875,17190.69921875,4290400
2023-06-15,17334.98046875,17346.3203125,17259.369140625,17259.369140625,4893200
2023-06-16,17288.91015625,17342.859375,17250.7890625,17342.859375,6203100
2023-06-19,17274.560546875,17306.810546875,17210.869140625,17274.0703125,4654400
2023-06-20,17184.91015625,17247.16015625,17121.58984375,17233.80078125,4185300
2023-06-21,17202.400390625,17246.76953125,17131.44921875,17186.720703125,4354900
2023-06-26,17059.240234375,17182.48046875,17011.279296875,17182.48046875,3970000
2023-06-27,16887.900390625,17035.490234375,16887.900390625,17022.150390625,4028700
2023-06-28,16935.630859375,17011.119140625,16903.7109375,16906.23046875,3256100
2023-06-29,16942.30078125,17077.439453125,16911.380859375,16930.41015625,3357100
2023-06-30,16915.5390625,16919.94921875,16792.33984375,16870.26953125,3542500
2023-07-03,17084.19921875,17103.73046875,16915.5390625,16915.5390625,3930600
2023-07-04,17140.76953125,17154.099609375,17042.599609375,17084.19921875,4436200
2023-07-05,17056.4296875,17153.169921875,17020.009765625,17140.76953125,4153400
2023-07-06,16762.169921875,17056.4296875,16749.2890625,17056.4296875,4369600
2023-07-07,16664.2109375,16762.390625,16593.83984375,16762.169921875,3783700
2023-07-10,16652.80078125,16798.810546875,16635.830078125,16664.2109375,3379500
2023-07-11,16898.91015625,16898.91015625,16675.689453125,16675.689453125,3940800
2023-07-12,16962.029296875,16962.029296875,16864.009765625,16903.25,4067700
2023-07-13,17061.400390625,17223.859375,16994.58984375,16994.58984375,4859500
2023-07-14,17283.7109375,17287.400390625,17128.0703125,17152.810546875,4457500
2023-07-17,17334.2890625,17346.66015625,17235.919921875,17279.109375,4827400
2023-07-18,17227.91015625,17401.58984375,17164.919921875,17368.359375,6165200
2023-07-19,17116.439453125,17340.8203125,17082.5390625,17265.380859375,4897100
2023-07-20,17164.890625,17214.41015625,17098.650390625,17104.91015625,3659100
2023-07-21,17030.69921875,17106.2890625,16859.130859375,17106.2890625,4256500
2023-07-24,17033.609375,17098.73046875,16941.150390625,17036.7890625,4044800
2023-07-25,17198.890625,17270.19921875,17061.880859375,17061.880859375,3822600
2023-07-26,17162.55078125,17247.01953125,17121.990234375,17205.470703125,4140400
2023-07-27,17241.8203125,17282.859375,17189.30078125,17189.30078125,4509600
2023-07-28,17292.9296875,17328.2109375,17179.939453125,17244.509765625,4184900
2023-07-31,17145.4296875,17463.759765625,17081.48046875,17341.0390625,5016000
2023-08-01,17212.869140625,17252.3203125,17095.859375,17141.970703125,3848500
2023-08-02,16893.73046875,17212.55078125,16844.5703125,17207.220703125,4905400
2023-08-04,16843.6796875,16887.380859375,16748.509765625,16847.240234375,3836700
2023-08-07,16996.0,17032.3203125,16868.740234375,16870.810546875,3358800
2023-08-08,16877.0703125,17043.560546875,16812.58984375,17006.4609375,3689000
2023-08-09,16870.939453125,16956.73046875,16798.5,16836.640625,3230500
2023-08-10,16634.69921875,16827.109375,16601.169921875,16827.109375,3822300
2023-08-11,16601.25,16766.83984375,16601.25,16644.650390625,3143400
2023-08-14,16393.66015625,16585.41015625,16307.2802734375,16585.41015625,3754700
2023-08-15,16454.80078125,16546.009765625,16437.630859375,16438.630859375,3164800
2023-08-16,16446.779296875,16446.779296875,16304.4404296875,16422.19921875,3521200
2023-08-17,16516.66015625,16550.109375,16264.650390625,16411.630859375,3718500
2023-08-18,16381.3095703125,16583.94921875,16344.2900390625,16508.4609375,3834000
2023-08-21,16381.490234375,16485.25,16347.76953125,16414.140625,2647300
2023-08-22,16437.609375,16535.0703125,16407.830078125,16429.689453125,2929100
2023-08-23,16576.900390625,16588.509765625,16440.390625,16440.390625,3025900
2023-08-24,16770.869140625,16822.359375,16651.029296875,16651.029296875,3988000
2023-08-25,16481.580078125,16708.529296875,16481.580078125,16708.529296875,3217200
2023-08-28,16509.259765625,16582.9609375,16498.859375,16498.859375,3052400
2023-08-29,16623.650390625,16627.69921875,16495.759765625,16528.490234375,2649500
2023-08-30,16719.8203125,16780.419921875,16666.330078125,16666.330078125,2979300
2023-08-31,16634.509765625,16712.220703125,16630.669921875,16707.349609375,3812000
2023-09-01,16644.939453125,16730.130859375,16619.23046875,16640.919921875,3194100
2023-09-04,16789.689453125,16789.689453125,16648.509765625,16649.669921875,2734900
2023-09-05,16791.609375,16791.609375,16727.439453125,16784.119140625,2626500
2023-09-06,16738.16015625,16841.189453125,16732.689453125,16796.369140625,3123200
2023-09-07,16619.140625,16715.44921875,16609.939453125,16715.44921875,2727400
2023-09-08,16576.01953125,16609.9296875,16505.640625,16609.9296875,2492600
2023-09-11,16432.94921875,16600.029296875,16398.30078125,16579.830078125,3098400
2023-09-12,16572.7109375,16579.859375,16422.91015625,16433.8203125,2744800
2023-09-13,16581.509765625,16653.30078125,16542.720703125,16578.130859375,2656800
2023-09-14,16807.560546875,16807.560546875,16581.619140625,16581.619140625,3031000
2023-09-15,16920.919921875,16920.919921875,16787.740234375,16809.740234375,4307600
2023-09-18,16698.240234375,16893.970703125,16698.240234375,16893.970703125,2642300
2023-09-19,16636.3203125,16762.51953125,16636.3203125,16706.48046875,2872700
2023-09-20,16534.75,16665.26953125,16522.380859375,16626.609375,2959400
2023-09-21,16316.669921875,16475.419921875,16300.5400390625,16475.419921875,2823600
2023-09-22,16344.48046875,16360.9599609375,16202.4296875,16267.3203125,2268200
2023-09-25,16452.23046875,16498.380859375,16345.7802734375,16345.7802734375,2049400
2023-09-26,16276.0703125,16440.259765625,16276.0703125,16440.259765625,2412200
2023-09-27,16310.3603515625,16324.2197265625,16212.8603515625,16273.83984375,2187900
2023-09-28,16353.740234375,16411.279296875,16311.41015625,16330.7099609375,2477900
2023-10-02,16557.310546875,16575.310546875,16382.9599609375,16382.9599609375,2669600
2023-10-03,16454.33984375,16571.66015625,16453.80078125,16520.240234375,2697100
2023-10-04,16273.3798828125,16419.48046875,16203.33984375,16419.48046875,2624800
2023-10-05,16453.51953125,16477.609375,16313.8896484375,16313.8896484375,2503200
2023-10-06,16520.5703125,16539.130859375,16482.9296875,16482.9296875,2296800
2023-10-11,16672.029296875,16729.5,16567.4296875,16567.4296875,3635100
2023-10-12,16825.91015625,16825.91015625,16684.4296875,16698.849609375,2917100
2023-10-13,16782.5703125,16815.91015625,16726.4296875,16815.91015625,2955800
2023-10-16,16652.240234375,16712.9296875,16614.099609375,16712.9296875,2843500
2023-10-17,16642.55078125,16770.640625,16618.30078125,16678.279296875,2965400
2023-10-18,16440.91015625,16612.25,16398.759765625,16608.01953125,3844900
2023-10-19,16452.73046875,16479.349609375,16382.400390625,16416.5390625,2608200
2023-10-20,16440.720703125,16462.560546875,16271.8203125,16434.4296875,3035200
2023-10-23,16251.3603515625,16391.41015625,16245.83984375,16391.41015625,2273100
2023-10-24,16309.759765625,16318.76953125,16163.0,16257.7998046875,2642000
2023-10-25,16358.8896484375,16459.33984375,16320.7099609375,16320.7099609375,2667800
2023-10-26,16073.740234375,16305.16015625,16073.740234375,16305.16015625,2572100
2023-10-27,16134.6103515625,16200.2998046875,16112.75,16112.75,2142800
2023-10-30,16149.6796875,16203.330078125,16101.240234375,16142.0595703125,2250800
2023-10-31,16001.26953125,16215.349609375,15975.91015625,16176.580078125,2703600
2023-11-01,16038.5595703125,16099.0302734375,15978.259765625,16027.7197265625,2183800
2023-11-02,16396.94921875,16396.94921875,16094.259765625,16094.259765625,2464200
2023-11-03,16507.650390625,16520.099609375,16412.5390625,16412.5390625,2809400
2023-11-06,16649.359375,16720.560546875,16572.560546875,16572.560546875,2709700
2023-11-07,16684.94921875,16684.94921875,16608.099609375,16650.140625,2180100
2023-11-08,16740.830078125,16775.23046875,16665.400390625,16691.3203125,2664300
2023-11-09,16745.650390625,16759.4296875,16680.91015625,16741.16015625,2433800
2023-11-10,16682.669921875,16725.939453125,16651.23046875,16725.939453125,2157500
2023-11-13,16839.2890625,16961.01953125,16711.529296875,16711.529296875,2512400
2023-11-14,16915.7109375,16946.380859375,16884.51953125,16884.51953125,2619800
2023-11-15,17128.779296875,17143.880859375,17034.94921875,17039.619140625,3950300
2023-11-16,17171.1796875,17194.3203125,17089.400390625,17136.51953125,3308400
2023-11-17,17208.94921875,17253.470703125,17147.560546875,17155.859375,3186300
2023-11-20,17210.470703125,17219.759765625,17151.8203125,17197.8203125,3044800
2023-11-21,17416.69921875,17421.169921875,17239.939453125,17239.939453125,3727100
2023-11-22,17310.259765625,17344.529296875,17264.94921875,17325.599609375,3167500
2023-11-23,17294.55078125,17343.609375,17228.44921875,17291.330078125,3179200
2023-11-24,17287.419921875,17336.130859375,17268.380859375,17304.650390625,3037300
2023-11-27,17137.419921875,17351.9296875,17133.759765625,17291.23046875,3164500
2023-11-28,17341.25,17360.380859375,17145.19921875,17150.30078125,3435400
2023-11-29,17370.560546875,17441.7890625,17323.26953125,17352.109375,3414100
2023-11-30,17433.849609375,17433.849609375,17313.30078125,17389.19921875,4478400
2023-12-01,17438.349609375,17450.130859375,17355.890625,17422.349609375,3399000
2023-12-04,17421.48046875,17516.609375,17398.099609375,17450.640625,3929200
2023-12-05,17328.009765625,17401.58984375,17252.5703125,17401.58984375,3623500
2023-12-06,17360.720703125,17439.849609375,17337.470703125,17340.8203125,3307100
2023-12-07,17278.740234375,17387.939453125,17273.7109375,17356.919921875,3368200
2023-12-08,17383.990234375,17465.349609375,17309.359375,17309.359375,3155300
2023-12-11,17418.33984375,17451.8203125,17372.8203125,17416.9609375,3003300
2023-12-12,17450.630859375,17528.720703125,17404.880859375,17429.609375,3356500
2023-12-13,17468.9296875,17507.919921875,17438.689453125,17447.509765625,3410000
2023-12-14,17653.109375,17668.349609375,17482.380859375,17482.380859375,4072600
2023-12-15,17673.869140625,17743.5390625,17642.7890625,17693.330078125,5019300
2023-12-18,17652.029296875,17665.91015625,17586.880859375,17637.859375,3975400
2023-12-19,17576.55078125,17669.83984375,17497.3203125,17669.83984375,3914800
2023-12-20,17635.19921875,17657.650390625,17597.48046875,17608.349609375,4182900
2023-12-21,17543.740234375,17552.900390625,17442.759765625,17531.44921875,4021800
2023-12-22,17596.630859375,17618.169921875,17567.55078125,17586.16015625,3700300
2023-12-25,17604.83984375,17663.349609375,17595.26953125,17596.26953125,3027400
2023-12-26,17751.73046875,17751.73046875,17619.08984375,17619.08984375,2900000
2023-12-27,17891.5,17897.16015625,17766.73046875,17766.73046875,3378000
2023-12-28,17910.369140625,17928.140625,17841.759765625,17900.759765625,3289700
2023-12-29,17930.810546875,17945.69921875,17864.23046875,17893.630859375,2868000
2024-01-02,17853.759765625,17956.740234375,17784.970703125,17939.7890625,3254000
2024-01-03,17559.310546875,17829.279296875,17518.189453125,17829.279296875,3095000
2024-01-04,17549.650390625,17609.890625,17515.73046875,17574.390625,3096700
2024-01-05,17519.140625,17606.7890625,17495.390625,17559.400390625,3084900
2024-01-08,17572.66015625,17688.109375,17534.51953125,17534.51953125,3044600
2024-01-09,17535.490234375,17694.259765625,17517.55078125,17585.400390625,3213400
2024-01-10,17465.630859375,17499.4296875,17439.26953125,17495.669921875,2843300
2024-01-11,17545.3203125,17574.919921875,17476.869140625,17477.880859375,2880100
2024-01-12,17512.830078125,17570.630859375,17469.869140625,17536.05078125,2596200
2024-01-15,17546.8203125,17632.76953125,17532.98046875,17541.259765625,0
2024-01-16,17346.869140625,17523.779296875,17337.580078125,17523.779296875,3415100
2024-01-17,17161.7890625,17361.05078125,17151.580078125,17341.580078125,3977500
2024-01-18,17227.7890625,17300.2890625,17169.099609375,17169.099609375,3027100
2024-01-19,17681.51953125,17682.970703125,17499.849609375,17546.509765625,3364900
2024-01-22,17815.099609375,17869.0703125,17765.130859375,17770.779296875,3480100
2024-01-23,17874.58984375,17893.73046875,17801.890625,17840.279296875,3182700
2024-01-24,17875.830078125,17944.98046875,17856.33984375,17883.619140625,2687500
2024-01-25,18002.619140625,18014.259765625,17894.830078125,17894.830078125,2496500
2024-01-26,17995.029296875,18029.849609375,17943.650390625,17985.439453125,2484900
2024-01-29,18119.630859375,18119.630859375,17995.109375,18001.240234375,2167700
2024-01-30,18034.630859375,18138.740234375,18034.630859375,18083.44921875,2422700
2024-01-31,17889.560546875,17996.330078125,17874.94921875,17970.41015625,2303000
2024-02-01,17968.109375,17968.109375,17832.94921875,17871.26953125,2620500
2024-02-02,18059.9296875,18059.9296875,17985.890625,18016.349609375,2697800
2024-02-05,18096.0703125,18115.80078125,17992.169921875,18047.400390625,2575800
2024-02-15,18644.5703125,18725.470703125,18550.859375,18664.44921875,3727500
2024-02-16,18607.25,18715.689453125,18585.140625,18639.66015625,3658600
2024-02-19,18635.80078125,18663.740234375,18561.0390625,18561.0390625,3839600
2024-02-20,18753.16015625,18756.330078125,18610.2109375,18610.2109375,3375300
2024-02-21,18676.310546875,18729.029296875,18645.26953125,18673.490234375,3295300
2024-02-22,18852.779296875,18881.76953125,18758.150390625,18826.849609375,3580200
2024-02-23,18889.189453125,19012.380859375,18889.189453125,18950.0703125,3696800
2024-02-26,18948.05078125,18974.080078125,18854.7109375,18899.390625,3220600
2024-02-27,18854.41015625,19023.009765625,18752.529296875,18964.490234375,3784600
2024-02-29,18966.76953125,19019.689453125,18794.619140625,18796.5390625,3892000
2024-03-01,18935.9296875,19041.919921875,18923.4609375,19021.349609375,3350500
2024-03-04,19305.310546875,19333.390625,18952.689453125,18952.689453125,4014800
2024-03-05,19386.919921875,19453.849609375,19332.73046875,19398.970703125,3826500
2024-03-06,19499.44921875,19532.30078125,19246.30078125,19283.609375,3886200
2024-03-07,19693.51953125,19794.5703125,19630.7890625,19678.359375,4581400
2024-03-08,19785.3203125,20065.5,19638.130859375,19966.490234375,4903500
2024-03-11,19726.080078125,19828.69921875,19649.669921875,19671.900390625,3536700
2024-03-12,19914.55078125,19917.060546875,19664.7109375,19672.759765625,4044500
2024-03-13,19928.509765625,20112.810546875,19866.73046875,20024.830078125,4854900
2024-03-14,19937.919921875,19995.509765625,19775.5,19920.630859375,4476200
2024-03-15,19682.5,19888.130859375,19682.5,19845.44921875,5186200
2024-03-18,19879.849609375,19879.859375,19706.109375,19706.109375,3761200
2024-03-19,19857.19921875,19921.25,19762.16015625,19798.119140625,4061600
2024-03-20,19784.44921875,19994.419921875,19728.4296875,19879.25,4499200
2024-03-21,20199.08984375,20199.30078125,19843.80078125,19843.80078125,4424400
2024-03-22,20228.4296875,20296.099609375,20084.310546875,20232.060546875,4690300
2024-03-25,20192.25,20285.380859375,20172.80078125,20228.640625,3611700
2024-03-26,20126.490234375,20397.0703125,19977.400390625,20208.880859375,4582900
2024-03-27,20200.119140625,20255.099609375,20108.9609375,20158.0703125,3865800
2024-03-28,20146.55078125,20222.19921875,20065.9296875,20213.33984375,4294000
2024-03-29,20294.44921875,20335.919921875,20156.33984375,20156.33984375,4231500
2024-04-01,20222.330078125,20387.23046875,20217.580078125,20319.73046875,3144500
2024-04-02,20466.5703125,20466.5703125,20359.810546875,20359.810546875,3410300
2024-04-03,20337.599609375,20403.73046875,20269.66015625,20388.83984375,3449300
2024-04-08,20417.69921875,20487.830078125,20379.830078125,20395.05078125,3597800
2024-04-09,20796.19921875,20820.810546875,20521.560546875,20521.560546875,4638900
2024-04-10,20763.529296875,20883.689453125,20763.529296875,20789.419921875,4529300
2024-04-11,20753.220703125,20770.830078125,20651.880859375,20713.25,4546200
2024-04-12,20736.5703125,20825.0390625,20713.869140625,20772.7890625,4725000
2024-04-15,20449.76953125,20623.76953125,20449.76953125,20586.529296875,4754200
2024-04-16,19901.9609375,20365.109375,19844.5390625,20365.109375,5377200
2024-04-17,20213.330078125,20264.990234375,19986.619140625,19986.619140625,3987800
2024-04-18,20301.19921875,20363.08984375,20057.810546875,20126.5703125,4862300
2024-04-19,19527.119140625,19992.060546875,19291.880859375,19992.060546875,7130900
2024-04-22,19411.220703125,19695.490234375,19395.310546875,19466.439453125,5729000
2024-04-23,19599.279296875,19709.0,19509.740234375,19564.380859375,4097700
2024-04-24,20131.740234375,20165.76953125,19770.4609375,19770.4609375,4696300
2024-04-25,19857.419921875,20003.0,19848.5703125,20003.0,3809400
2024-04-26,20120.509765625,20226.2890625,20087.609375,20094.169921875,4713100
2024-04-29,20495.51953125,20495.51953125,20235.9296875,20235.9296875,5508500
2024-04-30,20396.599609375,20559.970703125,20396.599609375,20508.48046875,4326200
2024-05-02,20222.439453125,20360.669921875,20222.439453125,20360.669921875,4720400
2024-05-03,20330.3203125,20521.490234375,20272.33984375,20381.98046875,4752500
2024-05-06,20523.310546875,20639.900390625,20479.80078125,20479.80078125,4590100
2024-05-07,20653.529296875,20689.189453125,20493.80078125,20634.619140625,4547600
2024-05-08,20700.509765625,20700.509765625,20547.48046875,20604.1796875,4479700
2024-05-09,20560.76953125,20754.609375,20560.76953125,20710.05078125,4326400
2024-05-10,20708.83984375,20765.8203125,20574.009765625,20582.119140625,5206400
2024-05-13,20857.7109375,20933.279296875,20816.419921875,20905.16015625,4809000
2024-05-14,20985.849609375,20994.529296875,20816.76953125,20835.94921875,5002300
2024-05-15,21147.2109375,21308.3203125,20984.69921875,20984.69921875,5100000
2024-05-16,21304.259765625,21515.51953125,21249.880859375,21319.01953125,5601100
2024-05-17,21258.470703125,21346.75,21218.33984375,21346.75,5081300
2024-05-20,21271.630859375,21338.349609375,21102.1796875,21278.380859375,5277600
2024-05-21,21236.75,21307.080078125,21131.619140625,21239.259765625,4601200
2024-05-22,21551.830078125,21567.48046875,21248.990234375,21248.990234375,5382400
2024-05-23,21607.4296875,21668.83984375,21475.990234375,21668.83984375,5498400
2024-05-24,21565.33984375,21608.720703125,21381.25,21442.669921875,4233200
2024-05-27,21803.76953125,21871.33984375,21699.98046875,21699.98046875,4877400
2024-05-28,21858.41015625,21937.400390625,21812.19921875,21812.19921875,4906000
2024-05-29,21662.5,21906.099609375,21662.5,21846.41015625,5223800
2024-05-30,21364.48046875,21558.359375,21364.240234375,21481.390625,4495700
2024-05-31,21174.220703125,21539.029296875,21174.220703125,21400.830078125,7171300
2024-06-03,21536.759765625,21612.5390625,21372.080078125,21388.7109375,4756500
2024-06-04,21356.619140625,21529.98046875,21308.970703125,21513.849609375,4858900
2024-06-05,21484.880859375,21510.859375,21264.630859375,21385.0,4124900
2024-06-06,21902.69921875,21970.630859375,21847.6796875,21856.130859375,4777500
2024-06-07,21858.380859375,21920.849609375,21823.619140625,21823.619140625,4981400
2024-06-11,21792.119140625,22003.7109375,21792.119140625,21984.419921875,5291900
2024-06-12,22048.9609375,22094.939453125,21841.810546875,21841.810546875,4372000
2024-06-13,22312.0390625,22440.099609375,22211.080078125,22217.640625,4207100
2024-06-14,22504.720703125,22504.720703125,22252.01953125,22311.9296875,4357100
2024-06-17,22496.529296875,22567.33984375,22431.259765625,22468.109375,4253400
2024-06-18,22757.4296875,22787.669921875,22642.939453125,22690.33984375,4284500
2024-06-19,23209.5390625,23275.30078125,22858.44921875,22858.44921875,5033100
2024-06-20,23406.099609375,23406.099609375,23180.69921875,23196.689453125,4446000
2024-06-21,23253.390625,23351.169921875,23151.150390625,23193.900390625,6457400
2024-06-24,22813.69921875,23131.6796875,22813.69921875,23124.310546875,5094100
2024-06-25,22875.970703125,22875.970703125,22503.0,22695.150390625,4386700
2024-06-26,22986.689453125,23074.740234375,22893.75,22938.5703125,4289300
2024-06-27,22905.98046875,22922.560546875,22765.16015625,22859.9296875,4535700
2024-06-28,23032.25,23142.400390625,22896.720703125,22896.720703125,4348300
2024-07-01,23058.5703125,23187.880859375,23015.169921875,23042.69921875,4294900
2024-07-02,22879.369140625,23041.900390625,22833.779296875,23012.740234375,5034500
2024-07-03,23172.4296875,23172.4296875,22994.279296875,23009.8203125,5720700
2024-07-04,23522.529296875,23571.8203125,23360.880859375,23360.880859375,5361000
2024-07-05,23556.58984375,23628.859375,23491.7890625,23532.009765625,5319900
2024-07-08,23878.150390625,24011.640625,23505.859375,23550.640625,5644800
2024-07-09,23900.080078125,24126.66015625,23607.919921875,23888.19921875,6353500
2024-07-10,24007.080078125,24040.609375,23682.490234375,23744.880859375,5510500
2024-07-11,24390.029296875,24416.669921875,24151.80078125,24242.029296875,5761800
2024-07-12,23916.9296875,24045.73046875,23774.220703125,23955.669921875,6056600
2024-07-15,23879.359375,24018.310546875,23759.509765625,23927.91015625,5209800
2024-07-16,23997.25,24174.1796875,23861.76953125,23880.330078125,4762100
2024-07-17,23769.8203125,23993.6796875,23650.939453125,23827.26953125,6025100
2024-07-18,23398.470703125,23450.91015625,23148.740234375,23373.009765625,5618700
2024-07-19,22869.259765625,23235.8203125,22865.83984375,23228.0390625,5435600
2024-07-22,22256.990234375,22818.859375,22130.880859375,22818.859375,5194300
2024-07-23,22871.83984375,22871.83984375,22514.75,22514.75,3915800
2024-07-26,22119.2109375,22206.9296875,21889.609375,22206.9296875,4132300
2024-07-29,22164.490234375,22471.400390625,22128.140625,22321.369140625,3920300
2024-07-30,22223.5703125,22276.390625,21833.849609375,22040.0390625,3659100
2024-07-31,22199.349609375,22315.310546875,22046.2890625,22088.779296875,3673200
2024-08-01,22642.099609375,22652.2109375,22465.060546875,22546.400390625,4149100
2024-08-02,21638.08984375,22141.19921875,21636.220703125,22141.19921875,4570100
2024-08-05,19830.880859375,20982.919921875,19783.5,20982.919921875,6413800
2024-08-06,20501.01953125,20751.5,19662.740234375,20344.390625,6051700
2024-08-07,21295.279296875,21306.23046875,20638.279296875,20638.279296875,3982300
2024-08-08,20870.099609375,21074.189453125,20723.259765625,21047.16015625,3746500
2024-08-09,21469.0,21613.759765625,21212.0,21212.0,4426600
2024-08-12,21773.259765625,21897.98046875,21598.9296875,21598.9296875,3821500
2024-08-13,21796.5703125,21866.630859375,21698.470703125,21816.0703125,3389300
2024-08-14,22027.25,22155.2890625,21942.220703125,21952.029296875,3955900
2024-08-15,21895.169921875,22089.0390625,21895.169921875,22005.689453125,3151800
2024-08-16,22349.330078125,22374.939453125,22114.720703125,22114.720703125,3855200
2024-08-19,22409.630859375,22485.91015625,22307.169921875,22338.830078125,3122100
2024-08-20,22429.099609375,22545.890625,22369.25,22464.0703125,3871600
2024-08-21,22237.890625,22358.880859375,22165.8203125,22316.779296875,4134900
2024-08-22,22148.830078125,22315.919921875,22096.259765625,22254.58984375,3019700
2024-08-23,22158.05078125,22159.26953125,21935.98046875,22042.58984375,4275900
2024-08-26,22240.119140625,22449.44921875,22164.529296875,22250.490234375,4880500
2024-08-27,22185.0,22205.109375,22059.509765625,22179.2109375,3660500
2024-08-28,22370.66015625,22370.66015625,22108.859375,22210.5703125,3293800
2024-08-29,22201.849609375,22273.619140625,22010.890625,22136.310546875,3416000
2024-08-30,22268.08984375,22342.25,22230.0703125,22230.0703125,4245800
2024-09-02,22235.099609375,22439.310546875,22178.0390625,22341.900390625,2928000
2024-09-03,22092.2109375,22303.5,22092.2109375,22240.109375,2936800
2024-09-04,21092.75,21574.650390625,20922.169921875,21574.650390625,4571100
2024-09-05,21187.7109375,21488.810546875,21150.990234375,21271.08984375,3353700
2024-09-06,21435.189453125,21461.7109375,21125.140625,21255.44921875,2587200
2024-09-09,21144.439453125,21163.91015625,20922.509765625,21127.810546875,2944600
2024-09-10,21064.080078125,21324.4296875,20977.0,21252.5703125,3118200
2024-09-11,21031.0,21134.05078125,21031.0,21089.1796875,2863800
2024-09-12,21653.25,21706.849609375,21373.640625,21373.640625,3050300
2024-09-13,21759.650390625,21796.390625,21643.220703125,21754.359375,2514700
2024-09-16,21850.080078125,21854.740234375,21736.69921875,21800.0,2823700
2024-09-18,21678.83984375,21859.16015625,21584.630859375,21813.5390625,3989100
2024-09-19,22042.689453125,22042.689453125,21656.66015625,21675.400390625,3393700
2024-09-20,22159.419921875,22354.5390625,22136.529296875,22246.240234375,5085000
2024-09-23,22285.529296875,22307.4609375,22170.939453125,22170.939453125,3582300
2024-09-24,22431.779296875,22431.779296875,22154.55078125,22273.7890625,3517800
2024-09-25,22761.599609375,22785.3203125,22569.2890625,22569.2890625,4014100
2024-09-26,22858.810546875,22961.76953125,22769.240234375,22841.419921875,3923400
2024-09-27,22822.7890625,23079.2109375,22806.830078125,22978.970703125,4104100
2024-09-30,22224.5390625,22691.23046875,22224.5390625,22643.91015625,3569300
2024-10-01,22390.390625,22446.859375,22311.330078125,22329.650390625,2789600
2024-10-04,22302.7109375,22493.05078125,22193.5,22459.099609375,3632200
2024-10-07,22702.560546875,22719.0703125,22479.240234375,22479.240234375,3508600
2024-10-08,22611.390625,22691.3203125,22418.380859375,22691.3203125,3557200
2024-10-09,22659.080078125,22885.94921875,22637.169921875,22637.169921875,3670800
2024-10-11,22901.640625,23011.109375,22726.189453125,22726.189453125,3012500
2024-10-14,22975.2890625,23015.55078125,22799.140625,22947.3203125,2706500
2024-10-15,23292.0390625,23353.91015625,23082.060546875,23083.69921875,3579700
2024-10-16,23010.98046875,23258.51953125,22866.73046875,22990.640625,3698000
2024-10-17,23053.83984375,23191.7890625,22950.69921875,23114.2109375,3263300
2024-10-18,23487.26953125,23713.69921875,23378.359375,23620.5703125,3775600
2024-10-21,23542.529296875,23678.509765625,23480.060546875,23602.98046875,3005000
2024-10-22,23535.4296875,23535.4296875,23269.859375,23428.109375,3046700
2024-10-23,23334.759765625,23486.44921875,23318.83984375,23402.240234375,3039000
2024-10-24,23192.51953125,23446.640625,23150.76953125,23446.640625,3322300
2024-10-25,23348.44921875,23388.529296875,23222.76953125,23255.0703125,2744200
2024-10-28,23198.0703125,23547.119140625,23164.419921875,23455.689453125,2880000
2024-10-29,22926.58984375,23056.5703125,22711.099609375,23048.44921875,2933400
2024-10-30,22820.4296875,23116.330078125,22801.44921875,22985.130859375,2981400
2024-11-01,22780.080078125,22828.98046875,22231.939453125,22438.9296875,3569900
2024-11-04,22965.390625,23020.990234375,22792.76953125,22839.1796875,2715900
2024-11-05,23106.7890625,23178.80078125,22849.830078125,22870.109375,2872200
2024-11-06,23217.380859375,23439.390625,23035.30078125,23112.94921875,3163400
2024-11-07,23408.8203125,23518.630859375,23132.939453125,23180.009765625,3751300
2024-11-08,23553.890625,23699.69921875,23509.130859375,23608.109375,3635500
2024-11-11,23529.640625,23563.80078125,23306.66015625,23477.75,3158800
2024-11-12,22981.76953125,23276.759765625,22981.76953125,23276.759765625,3983600
2024-11-13,22860.23046875,23046.470703125,22860.23046875,22894.91015625,3491500
2024-11-14,22715.380859375,22893.8203125,22619.7109375,22821.0390625,3593400
2024-11-15,22742.76953125,22940.80078125,22690.76953125,22767.109375,3823100
2024-11-18,22546.5390625,22781.76953125,22503.689453125,22693.9609375,3431100
2024-11-19,22848.80078125,22906.689453125,22578.75,22614.740234375,3689400
2024-11-20,22688.359375,22977.560546875,22622.470703125,22872.91015625,3757700
2024-11-21,22555.66015625,22708.5703125,22490.279296875,22671.66015625,3395800
2024-11-22,22904.3203125,23019.0390625,22799.529296875,22799.529296875,3505100
2024-11-25,22948.369140625,23172.4296875,22948.369140625,22996.05078125,5048900
2024-11-26,22678.759765625,22832.109375,22645.130859375,22789.599609375,2985600
2024-11-27,22334.779296875,22743.990234375,22334.779296875,22665.580078125,3577000
2024-11-28,22298.900390625,22413.25,22124.310546875,22380.44921875,3123400
2024-11-29,22262.5,22429.859375,22055.380859375,22202.279296875,2801000
2024-12-02,22736.9296875,22802.529296875,22456.5,22456.5,2812700
2024-12-03,23027.4609375,23144.779296875,22972.30078125,22972.30078125,3099500
2024-12-04,23255.330078125,23255.330078125,23034.69921875,23126.080078125,2836900
2024-12-05,23267.939453125,23387.169921875,23225.310546875,23308.2890625,2847600
2024-12-06,23193.26953125,23361.119140625,23137.619140625,23278.6796875,2954100
2024-12-09,23273.25,23325.990234375,23172.220703125,23287.7890625,3209600
2024-12-10,23125.080078125,23329.009765625,23071.4296875,23228.259765625,2908900
2024-12-11,22903.630859375,23108.359375,22880.5703125,23108.359375,2760300
2024-12-12,23046.80078125,23189.2890625,23030.48046875,23050.640625,3059200
2024-12-13,23020.48046875,23097.51953125,22920.83984375,23002.369140625,3046000
2024-12-16,23039.900390625,23264.400390625,22959.91015625,23207.2109375,3188400
2024-12-17,23018.009765625,23223.509765625,23018.009765625,23131.5703125,3429100
2024-12-18,23168.669921875,23211.169921875,22934.58984375,23014.4296875,3298300
2024-12-19,22932.25,22947.560546875,22743.30078125,22947.560546875,3445900
2024-12-20,22510.25,22845.58984375,22510.25,22798.390625,4683900
2024-12-23,23104.5390625,23132.25,22811.560546875,22811.560546875,3504100
2024-12-24,23120.240234375,23326.25,23120.240234375,23260.740234375,3344300
2024-12-25,23220.130859375,23296.359375,23159.359375,23226.349609375,3073700
2024-12-26,23246.939453125,23320.619140625,23241.939453125,23276.080078125,2941300
2024-12-27,23275.6796875,23335.66015625,23204.349609375,23251.279296875,2416800
2024-12-30,23190.19921875,23331.669921875,23159.69921875,23274.259765625,2483600
2024-12-31,23035.099609375,23123.9609375,22972.990234375,23094.0703125,2572400
2025-01-02,22832.060546875,23038.080078125,22713.630859375,22975.7109375,3148600
2025-01-03,22908.30078125,23092.0703125,22905.400390625,23018.560546875,2828200
2025-01-06,23547.7109375,23553.2890625,23131.7890625,23131.7890625,2957500
2025-01-07,23651.26953125,23943.94921875,23651.26953125,23824.720703125,3207900
2025-01-08,23407.330078125,23671.279296875,23388.630859375,23522.2890625,2606700
2025-01-09,23081.130859375,23463.9609375,23081.130859375,23406.720703125,3399500
2025-01-10,23011.859375,23202.25,22989.669921875,23067.4609375,2979400
2025-01-13,22488.330078125,23070.3203125,22458.220703125,23070.3203125,3544500
2025-01-14,22797.51953125,22797.51953125,22542.9296875,22573.9609375,2319000
2025-01-15,22514.5703125,22777.33984375,22509.650390625,22757.4609375,2359800
2025-01-16,23025.099609375,23147.689453125,22817.51953125,22817.51953125,2497000
2025-01-17,23148.080078125,23209.880859375,22905.529296875,23190.119140625,2465000
2025-01-20,23266.8203125,23346.640625,23176.4296875,23203.470703125,2168200
2025-01-21,23300.009765625,23377.640625,23174.01953125,23266.8203125,0
2025-01-22,23525.41015625,23642.080078125,23472.669921875,23472.669921875,2695000
2025-02-03,22694.7109375,22796.7109375,22502.19921875,22796.7109375,3428900
2025-02-04,22793.9609375,22934.310546875,22720.619140625,22836.26953125,2990000
2025-02-05,23161.580078125,23249.330078125,22916.380859375,22916.380859375,2482200
2025-02-06,23316.599609375,23348.419921875,23216.650390625,23226.5,2400700
2025-02-07,23478.26953125,23478.26953125,23254.169921875,23289.970703125,2672200
2025-02-10,23252.140625,23448.16015625,23163.849609375,23421.76953125,2706000
2025-02-11,23384.05078125,23485.509765625,23289.759765625,23321.919921875,2956500
2025-02-12,23289.75,23528.609375,23289.75,23449.310546875,3159400
2025-02-13,23399.41015625,23413.099609375,23206.44921875,23263.279296875,3604700
2025-02-14,23152.609375,23276.240234375,23142.94921875,23198.390625,3818900
2025-02-17,23505.330078125,23510.6796875,23242.83984375,23258.169921875,3408200
2025-02-18,23666.109375,23666.109375,23454.08984375,23550.5,3038600
2025-02-19,23604.080078125,23683.4609375,23550.990234375,23589.439453125,3534600
2025-02-20,23487.4609375,23576.7109375,23400.75,23530.970703125,3563200
2025-02-21,23730.25,23732.580078125,23488.419921875,23526.130859375,3518400
2025-02-24,23565.310546875,23605.220703125,23461.4296875,23573.80078125,3211200
2025-02-25,23285.720703125,23376.419921875,23209.529296875,23376.419921875,3717900
2025-02-26,23402.55078125,23431.240234375,23156.01953125,23221.83984375,3362900
2025-02-27,23053.1796875,23487.73046875,23053.1796875,23446.4609375,5093000
2025-03-03,22756.25,22775.01953125,22611.099609375,22734.05078125,3324900
2025-03-04,22596.880859375,22700.939453125,22359.5,22508.80078125,3100900
2025-03-05,22871.900390625,22948.30078125,22757.220703125,22778.859375,3075000
2025-03-06,22715.4296875,22979.970703125,22715.4296875,22930.109375,2851500
2025-03-07,22576.0703125,22747.109375,22542.080078125,22696.23046875,2987500
2025-03-10,22459.150390625,22641.25,22407.5703125,22548.98046875,3078100
2025-03-11,22071.08984375,22140.390625,21769.5703125,22126.060546875,3604700
2025-03-12,22278.359375,22391.470703125,22153.609375,22171.099609375,3159800
2025-03-13,21961.6796875,22552.4296875,21961.6796875,22403.33984375,3666300
2025-03-14,21968.05078125,22074.029296875,21895.900390625,21986.810546875,3373300
2025-03-17,22118.630859375,22306.830078125,22110.080078125,22137.529296875,2961500
2025-03-18,22271.669921875,22327.099609375,22186.419921875,22204.619140625,2652000
2025-03-19,21960.830078125,22247.66015625,21942.689453125,22245.419921875,2916300
2025-03-20,22377.259765625,22377.259765625,22171.0,22171.0,2626000
2025-03-21,22209.099609375,22366.94921875,22200.23046875,22362.380859375,3597700
2025-03-24,22106.640625,22380.73046875,22106.640625,22348.380859375,2651400
2025-03-25,22273.189453125,22414.01953125,22228.6796875,22269.369140625,2553000
2025-03-26,22260.2890625,22398.119140625,22235.890625,22327.609375,2295800
2025-03-27,21951.759765625,22093.19921875,21919.400390625,22093.19921875,2674800
2025-03-28,21602.890625,21836.16015625,21525.05078125,21836.16015625,3242700
2025-03-31,20695.900390625,21254.630859375,20695.900390625,21254.630859375,4034100
2025-04-01,21280.169921875,21315.51953125,20884.529296875,20884.529296875,2753300
2025-04-02,21298.220703125,21390.51953125,21235.990234375,21313.76953125,2300200
2025-04-07,19232.349609375,20153.5703125,19212.01953125,20153.5703125,1558900
2025-04-08,18459.94921875,19064.470703125,18180.48046875,19064.470703125,5839900
2025-04-09,17391.759765625,18371.51953125,17306.970703125,18337.439453125,6177900
2025-04-10,19000.029296875,19024.470703125,18256.470703125,18256.470703125,2659600
2025-04-11,19528.76953125,19528.76953125,18418.19921875,18772.5,4766500
2025-04-14,19513.08984375,20023.630859375,19508.9296875,19686.6796875,4176300
2025-04-15,19857.669921875,19895.4296875,19576.150390625,19609.900390625,2866400
2025-04-16,19468.0,19737.08984375,19453.140625,19737.08984375,2805300
2025-04-17,19338.73046875,19478.0,19196.470703125,19389.51953125,2300500
2025-04-18,19395.029296875,19499.279296875,19376.349609375,19423.98046875,2123700
2025-04-21,19106.19921875,19359.9609375,19080.599609375,19321.140625,2325500
2025-04-22,18793.4296875,19059.650390625,18793.4296875,18990.859375,2526000
2025-04-23,19639.140625,19639.140625,19163.609375,19163.609375,2694600
2025-04-24,19478.810546875,19752.58984375,19433.369140625,19752.58984375,2418200
2025-04-25,19872.73046875,20012.26953125,19861.240234375,19861.240234375,2674500
2025-04-28,20034.41015625,20073.75,19972.0703125,19972.0703125,2131000
2025-04-29,20232.630859375,20232.630859375,20007.30078125,20018.3203125,2538500
2025-04-30,20235.029296875,20331.890625,20185.310546875,20215.390625,2806300
2025-05-02,20787.640625,20787.640625,20534.080078125,20534.080078125,2779300
2025-05-05,20532.990234375,20885.5390625,20320.80078125,20839.0390625,3929000
2025-05-06,20522.58984375,20623.849609375,20349.560546875,20353.880859375,3091500
2025-05-07,20546.490234375,20685.279296875,20418.029296875,20575.150390625,2681400
2025-05-08,20543.400390625,20747.279296875,20543.400390625,20559.650390625,2348100
2025-05-09,20915.0390625,20915.0390625,20643.560546875,20690.80078125,2744700
2025-05-12,21129.5390625,21176.130859375,20996.94921875,20996.94921875,2687300
2025-05-13,21330.140625,21626.279296875,21330.140625,21474.01953125,3601900
2025-05-14,21782.869140625,21782.869140625,21552.419921875,21552.419921875,3656500
2025-05-15,21730.25,21821.009765625,21674.3203125,21776.650390625,3543000
2025-05-16,21843.689453125,21854.5,21697.849609375,21731.880859375,3714600
2025-05-19,21523.830078125,21786.330078125,21496.689453125,21786.330078125,3401200
2025-05-20,21526.029296875,21746.560546875,21517.099609375,21631.609375,2908900
2025-05-21,21803.91015625,21879.240234375,21603.580078125,21603.580078125,3078500
2025-05-22,21670.9609375,21733.8203125,21585.310546875,21733.8203125,3137400
2025-05-23,21652.240234375,21798.880859375,21559.779296875,21766.240234375,3065000
2025-05-26,21536.5703125,21688.44921875,21536.5703125,21577.640625,3105400
2025-05-27,21336.5390625,21558.470703125,21310.0,21491.650390625,3512400
2025-05-28,21357.720703125,21634.369140625,21305.73046875,21539.150390625,3647300
2025-05-29,21347.30078125,21605.259765625,21347.30078125,21531.2890625,5081700
2025-06-02,21002.7109375,21256.099609375,20940.98046875,21253.970703125,3805400
2025-06-03,21126.9296875,21303.2109375,21110.630859375,21126.69921875,3739600
2025-06-04,21618.08984375,21618.08984375,21341.439453125,21341.439453125,4061200
2025-06-05,21674.4296875,21738.9296875,21626.740234375,21695.9296875,3521900
2025-06-06,21660.66015625,21702.4609375,21606.69921875,21637.76953125,2964300
2025-06-09,21790.2890625,21866.26953125,21717.51953125,21773.44921875,3035200
2025-06-10,22242.140625,22294.859375,21921.240234375,21921.240234375,3534000
2025-06-11,22470.099609375,22470.099609375,22294.599609375,22376.369140625,3669800
2025-06-12,22287.8203125,22390.169921875,22253.640625,22362.669921875,3060300
2025-06-13,22072.94921875,22228.009765625,21984.359375,22215.5,3285000
2025-06-16,22049.900390625,22094.599609375,21936.380859375,22058.5703125,2521300
2025-06-17,22211.58984375,22331.689453125,22118.4609375,22172.58984375,3044000
2025-06-18,22356.73046875,22370.25,22104.6796875,22135.830078125,3214600
2025-06-19,22003.5,22249.400390625,21973.0390625,22238.099609375,3057900
2025-06-20,22045.740234375,22089.48046875,21779.55078125,21960.509765625,4418300
2025-06-23,21732.01953125,21801.3203125,21551.580078125,21750.69921875,3015300
2025-06-24,22188.759765625,22201.05078125,22001.48046875,22001.48046875,3767600
2025-06-25,22430.609375,22444.509765625,22284.51953125,22341.869140625,3405900
2025-06-26,22492.33984375,22587.669921875,22391.26953125,22425.390625,3685100
2025-06-27,22580.080078125,22580.080078125,22388.58984375,22503.849609375,3454100
2025-06-30,22256.01953125,22558.94921875,22256.01953125,22508.330078125,3443500
2025-07-01,22553.720703125,22730.759765625,22401.580078125,22419.740234375,3676400
2025-07-02,22577.740234375,22577.740234375,22396.259765625,22463.55078125,2897200
2025-07-03,22712.970703125,22816.19921875,22700.859375,22707.41015625,3368000
2025-07-04,22547.5,22842.75,22500.970703125,22756.55078125,3270200
2025-07-07,22428.720703125,22550.5,22294.109375,22550.140625,2570300
2025-07-08,22362.26953125,22375.650390625,22190.4609375,22375.650390625,2661400
2025-07-09,22527.009765625,22527.009765625,22211.099609375,22253.169921875,2907300
2025-07-10,22693.25,22699.2890625,22513.349609375,22566.509765625,2829400
2025-07-11,22751.029296875,22770.009765625,22601.94921875,22602.810546875,4446700
2025-07-14,22614.970703125,22735.23046875,22525.66015625,22679.1796875,2557300
2025-07-15,22835.939453125,22888.23046875,22588.259765625,22618.4296875,2696000
2025-07-16,23042.900390625,23106.4296875,22923.119140625,22967.509765625,3171200
2025-07-17,23113.279296875,23159.5390625,22923.369140625,23042.970703125,3078000
2025-07-18,23383.130859375,23468.2109375,23276.01953125,23345.720703125,2995200
2025-07-21,23340.560546875,23403.830078125,23243.7890625,23314.2890625,2784300
2025-07-22,22987.919921875,23486.080078125,22985.900390625,23301.66015625,3764700
2025-07-23,23318.669921875,23318.669921875,23063.5703125,23063.5703125,3346500
2025-07-24,23373.73046875,23455.08984375,23295.310546875,23373.669921875,3659600
2025-07-25,23364.380859375,23485.560546875,23308.44921875,23454.58984375,2946900
2025-07-28,23412.98046875,23564.439453125,23350.73046875,23477.099609375,3255000
2025-07-29,23201.51953125,23422.169921875,23094.669921875,23414.359375,3565200
2025-07-30,23461.720703125,23461.720703125,23264.640625,23288.720703125,3352200
2025-07-31,23542.51953125,23631.109375,23454.439453125,23523.58984375,3757100
2025-08-01,23434.380859375,23484.2109375,23168.26953125,23318.369140625,3402400
2025-08-04,23378.939453125,23378.939453125,23151.650390625,23260.1796875,3191500
2025-08-05,23660.58984375,23671.83984375,23498.400390625,23498.400390625,3421400
2025-08-06,23447.359375,23557.490234375,23433.529296875,23443.359375,3264600
2025-08-07,24003.76953125,24050.5390625,23717.349609375,23717.349609375,3487700
2025-08-08,24021.259765625,24131.4609375,23967.990234375,24026.650390625,3790600
2025-08-11,24135.5,24249.05078125,23887.25,23980.390625,3851900
2025-08-12,24158.359375,24263.919921875,24065.4296875,24182.83984375,4193700
2025-08-13,24370.01953125,24406.939453125,24172.189453125,24232.0390625,4867300
2025-08-14,24238.099609375,24389.509765625,24198.880859375,24258.5,4491700
2025-08-15,24334.48046875,24385.560546875,24164.4296875,24266.23046875,4491700
2025-08-18,24482.51953125,24515.650390625,24257.30078125,24272.55078125,4745200
2025-08-19,24353.5,24551.419921875,24324.2890625,24493.919921875,4734800
2025-08-20,23625.439453125,24309.26953125,23620.240234375,24309.26953125,4336000
2025-08-21,23962.130859375,24011.5,23739.830078125,23739.830078125,3924400
2025-08-22,23764.470703125,24071.650390625,23764.470703125,24033.01953125,3633100
2025-08-25,24277.380859375,24362.01953125,24108.75,24108.810546875,3818800
2025-08-26,24305.099609375,24382.419921875,24113.029296875,24237.359375,5104500
2025-08-27,24519.900390625,24539.880859375,24410.080078125,24449.810546875,4022200
2025-08-28,24236.44921875,24502.369140625,24236.44921875,24468.119140625,4093700
2025-08-29,24233.099609375,24570.150390625,24233.099609375,24438.029296875,4230800
2025-09-01,24071.73046875,24312.830078125,23885.41015625,24143.369140625,3978800
2025-09-02,24016.779296875,24295.029296875,23890.330078125,24113.900390625,3621600
2025-09-03,24100.30078125,24103.23046875,23925.490234375,24036.880859375,3208300
2025-09-04,24179.849609375,24389.349609375,24168.16015625,24235.26953125,4098500
2025-09-05,24494.580078125,24494.580078125,24244.259765625,24244.259765625,3935800
2025-09-08,24547.380859375,24729.9609375,24547.380859375,24610.849609375,4221200
2025-09-09,24855.1796875,24880.0703125,24650.4609375,24650.4609375,4235300
2025-09-10,25192.58984375,25272.23046875,25032.880859375,25032.880859375,4503300
2025-09-11,25215.7109375,25541.439453125,25174.130859375,25509.30078125,5159400
2025-09-12,25474.640625,25492.279296875,25349.69921875,25349.69921875,4362700
2025-09-15,25357.16015625,25519.939453125,25284.169921875,25494.099609375,3734300
2025-09-16,25629.640625,25664.810546875,25335.4609375,25335.4609375,4224500
2025-09-17,25438.25,25632.0703125,25422.9609375,25543.91015625,4404600
2025-09-18,25769.359375,25769.359375,25475.25,25543.169921875,4746200
2025-09-19,25578.369140625,25864.009765625,25578.369140625,25794.66015625,6041400
2025-09-22,25880.599609375,25887.689453125,25599.599609375,25599.599609375,4316700
2025-09-23,26247.369140625,26307.30078125,26041.689453125,26121.0,4775000
2025-09-24,26196.73046875,26394.029296875,26045.470703125,26389.16015625,4309500
2025-09-25,26023.849609375,26247.849609375,26023.849609375,26067.970703125,5318500
2025-09-26,25580.3203125,25998.279296875,25469.0390625,25998.279296875,4370400
2025-09-30,25820.5390625,25975.83984375,25738.310546875,25738.310546875,3601000
2025-10-01,25982.91015625,26325.7890625,25982.91015625,26078.2890625,4127200
2025-10-02,26378.390625,26489.7890625,26330.25,26392.310546875,4331900
2025-10-03,26761.060546875,26761.060546875,26410.029296875,26435.099609375,3947400
2025-10-07,27211.94921875,27301.419921875,27017.080078125,27029.279296875,4714200
2025-10-08,27063.6796875,27110.4296875,26883.990234375,26999.8203125,4475000
2025-10-09,27301.919921875,27463.119140625,27253.0703125,27301.609375,5551400
2025-10-13,26923.419921875,26965.720703125,26470.439453125,26762.599609375,4848200
2025-10-14,26793.150390625,27507.16015625,26764.060546875,27282.099609375,6407700
2025-10-15,27275.7109375,27275.7109375,26773.150390625,26911.05078125,4438300
2025-10-16,27647.869140625,27732.779296875,27337.3203125,27337.3203125,4657900
2025-10-17,27302.369140625,27513.08984375,27302.369140625,27399.91015625,4488400
2025-10-20,27688.630859375,27768.26953125,27412.44921875,27480.439453125,4283400
2025-10-21,27752.41015625,27969.05078125,27742.55078125,27742.55078125,4293000
2025-10-22,27648.91015625,27725.830078125,27490.890625,27614.109375,3944200
2025-10-23,27532.259765625,27586.849609375,27371.669921875,27457.0703125,3819800
2025-10-27,27993.630859375,28196.330078125,27993.630859375,28029.880859375,4954700
2025-10-28,27949.109375,28087.9296875,27885.619140625,28041.009765625,5011300
2025-10-29,28294.740234375,28395.310546875,28139.650390625,28157.91015625,5040500
2025-10-30,28287.529296875,28527.6796875,28116.599609375,28350.240234375,5137600
2025-10-31,28233.349609375,28489.759765625,28233.349609375,28280.470703125,4459700
2025-11-03,28334.58984375,28494.990234375,28150.44921875,28253.529296875,3968500
2025-11-04,28116.560546875,28554.609375,28033.619140625,28364.759765625,4218000
2025-11-05,27717.060546875,27799.08984375,27373.05078125,27785.91015625,4085800
2025-11-06,27899.44921875,28061.529296875,27879.69921875,27906.439453125,4125700
2025-11-07,27651.41015625,27818.5390625,27621.48046875,27818.5390625,4344700
2025-11-10,27869.509765625,27976.890625,27680.509765625,27805.470703125,4157600
2025-11-11,27784.94921875,28187.69921875,27784.94921875,28031.5390625,5302400
2025-11-12,27947.08984375,28071.759765625,27799.919921875,27853.470703125,5291300
2025-11-13,27903.560546875,28038.240234375,27811.810546875,27867.58984375,6572900
2025-11-14,27397.5,27816.44921875,27383.33984375,27816.44921875,5171300
2025-11-17,27447.310546875,27723.76953125,27447.310546875,27600.740234375,4781900
2025-11-18,26756.119140625,27310.400390625,26756.119140625,27310.400390625,5433000
2025-11-19,26580.119140625,26902.970703125,26580.119140625,26708.279296875,4448000
2025-11-20,27426.359375,27493.630859375,27183.029296875,27212.91015625,4862100
2025-11-21,26434.939453125,26821.970703125,26395.98046875,26821.970703125,4006000
2025-11-24,26504.240234375,26764.130859375,26482.330078125,26596.029296875,6156100
2025-11-25,26912.169921875,27118.01953125,26793.7109375,26995.900390625,3724900
2025-11-26,27409.5390625,27409.5390625,27063.169921875,27063.169921875,4016500
2025-11-27,27554.529296875,27659.060546875,27436.58984375,27517.240234375,3621100
2025-11-28,27626.48046875,27796.900390625,27566.119140625,27566.119140625,3953500
2025-12-01,27342.529296875,27697.060546875,27342.529296875,27674.16015625,3774100
2025-12-02,27564.26953125,27741.890625,27477.099609375,27550.349609375,4210100
2025-12-03,27793.0390625,27847.669921875,27605.630859375,27605.630859375,3769000
2025-12-04,27795.7109375,27880.23046875,27636.630859375,27773.419921875,3599700
2025-12-05,27980.890625,27980.890625,27738.5,27796.4296875,3817000
2025-12-08,28303.779296875,28303.779296875,28026.390625,28034.0,4068700
2025-12-09,28182.599609375,28390.240234375,28157.26953125,28364.0390625,4898300
2025-12-10,28400.73046875,28417.08984375,28190.759765625,28190.759765625,4773000
2025-12-11,28024.75,28568.01953125,27984.189453125,28385.23046875,4248000
2025-12-12,28198.01953125,28272.060546875,28071.33984375,28097.5390625,4802600
2025-12-15,27866.939453125,28119.7890625,27684.869140625,28119.7890625,4157000
2025-12-16,27536.66015625,27740.66015625,27355.669921875,27721.099609375,5140200
2025-12-17,27525.169921875,27780.689453125,27469.599609375,27596.1796875,5499500
2025-12-18,27468.529296875,27569.439453125,27350.76953125,27447.44921875,4799900
2025-12-19,27696.349609375,27869.779296875,27672.05078125,27685.740234375,5627700
2025-12-22,28149.640625,28168.75,27986.66015625,27986.66015625,5026500
2025-12-23,28310.470703125,28350.369140625,28212.83984375,28253.140625,4559700
2025-12-24,28371.98046875,28486.380859375,28280.58984375,28383.609375,4612900
2025-12-26,28556.01953125,28590.91015625,28404.33984375,28443.48046875,4511200
2025-12-29,28810.890625,28841.640625,28595.349609375,28662.7890625,4440500
2025-12-30,28707.130859375,28833.029296875,28553.640625,28723.8203125,5135300
2025-12-31,28963.599609375,29009.810546875,28687.900390625,28723.490234375,5689400
2026-01-02,29349.810546875,29363.4296875,29007.75,29016.6796875,5945900
2026-01-05,30105.0390625,30339.3203125,29779.69921875,29779.69921875,6274000
2026-01-06,30576.30078125,30576.30078125,29933.650390625,29933.650390625,6867900
2026-01-07,30435.470703125,30570.259765625,30306.16015625,30412.3203125,8350800
2026-01-08,30360.55078125,30593.490234375,30268.359375,30330.580078125,8283300
2026-01-09,30288.9609375,30500.419921875,29925.490234375,30370.44921875,6518900
2026-01-12,30567.2890625,30681.990234375,30472.69921875,30472.69921875,5720700
2026-01-13,30707.220703125,30973.849609375,30529.330078125,30630.859375,6687400
2026-01-14,30941.779296875,30994.810546875,30742.529296875,30742.529296875,6046100
2026-01-15,30810.580078125,30877.310546875,30663.869140625,30746.98046875,6569600
2026-01-16,31408.69921875,31475.220703125,30844.630859375,30844.630859375,7323000
2026-01-19,31639.2890625,31827.390625,31285.529296875,31336.76953125,7864700
2026-01-20,31759.990234375,31759.990234375,31340.099609375,31584.33984375,7884000
2026-01-21,31246.369140625,31749.140625,31200.759765625,31749.140625,8417100
2026-01-22,31746.080078125,31890.619140625,31371.130859375,31371.130859375,7642300
2026-01-23,31961.509765625,32042.439453125,31693.150390625,31788.76953125,7178200
2026-01-26,32064.51953125,32196.75,31989.859375,32002.560546875,6470200
2026-01-27,32317.919921875,32428.169921875,32095.080078125,32095.080078125,7511200
2026-01-28,32803.8203125,32803.8203125,32381.759765625,32381.759765625,7408400
2026-01-29,32536.26953125,32996.03125,32472.44921875,32828.01953125,7939900
2026-01-30,32063.75,32555.51953125,32004.9609375,32555.51953125,8004400
2026-02-02,31624.029296875,32008.4609375,31359.94921875,32008.4609375,6128700
2026-02-03,32195.359375,32293.830078125,31737.66015625,31737.66015625,6083600
2026-02-04,32289.810546875,32380.0,31942.279296875,32196.5703125,5481900
2026-02-05,31801.26953125,32241.640625,31769.080078125,32241.640625,5843100
2026-02-06,31782.919921875,31842.619140625,31164.279296875,31746.439453125,5482300
2026-02-09,32404.619140625,32666.05078125,31956.2109375,31956.2109375,4854000
2026-02-10,33072.96875,33072.96875,32439.7109375,32439.7109375,4429000
2026-02-11,33605.7109375,33707.828125,33071.671875,33086.1484375,5334200
2026-02-23,33773.26171875,34212.37890625,33663.01953125,33663.01953125,6847600
2026-02-24,34700.8203125,34786.421875,33987.51171875,34020.7109375,6653800
2026-02-25,35413.0703125,35521.5390625,34753.30859375,34753.30859375,8280600
2026-02-26,35414.48828125,35579.33984375,35171.51953125,35457.76171875,8684700
2026-03-02,35095.08984375,35345.71875,34605.359375,35277.48046875,7852100
2026-03-03,34323.6484375,35264.58984375,34323.6484375,35106.21875,8829900
2026-03-04,32828.87890625,34228.75,32828.87890625,34228.75,7817200
2026-03-05,33672.94140625,34319.6796875,33472.91015625,33620.73828125,5789800
2026-03-06,33599.5390625,33829.48828125,33322.51953125,33483.94140625,5479700
2026-03-09,32110.419921875,32354.609375,31529.359375,32354.609375,6749000
2026-03-10,32771.87109375,33256.69140625,32455.19921875,32692.369140625,6268300
2026-03-11,34114.19140625,34218.66015625,33128.48828125,33128.48828125,5854600
2026-03-12,33581.859375,34019.48046875,33458.640625,33816.1484375,7553100
2026-03-13,33400.3203125,33639.1796875,33013.4609375,33215.78125,6795000
2026-03-16,33342.51171875,33765.80859375,33278.05859375,33541.25,6288500
2026-03-17,33836.5703125,34008.69921875,33380.83984375,33380.83984375,6564400
2026-03-18,34348.578125,34423.66015625,33929.28125,33929.28125,7008700
2026-03-19,33689.6796875,34279.12109375,33663.78125,34279.12109375,6675700
2026-03-20,33543.87890625,33989.1796875,33379.23828125,33719.8515625,7825000
