Datetime,Close,High,Low,Open,Volume
2025-12-16 01:00:00+00:00,27680.30078125,27740.66015625,27634.439453125,27721.099609375,0
2025-12-16 01:30:00+00:00,27529.890625,27697.140625,27519.98046875,27640.890625,0
2025-12-16 02:00:00+00:00,27527.279296875,27569.009765625,27498.279296875,27527.619140625,0
2025-12-16 02:30:00+00:00,27432.130859375,27566.5390625,27426.25,27526.01953125,0
2025-12-16 03:00:00+00:00,27403.259765625,27474.599609375,27355.669921875,27428.310546875,0
2025-12-16 03:30:00+00:00,27444.75,27484.650390625,27366.94921875,27401.689453125,0
2025-12-16 04:00:00+00:00,27573.5390625,27618.5703125,27429.01953125,27482.98046875,0
2025-12-16 04:30:00+00:00,27566.98046875,27617.91015625,27554.580078125,27614.650390625,0
2025-12-16 05:00:00+00:00,27631.400390625,27659.5703125,27546.359375,27565.869140625,0
2025-12-17 01:00:00+00:00,27690.599609375,27752.80078125,27569.98046875,27596.1796875,0
2025-12-17 01:30:00+00:00,27707.140625,27765.759765625,27644.140625,27646.140625,0
2025-12-17 02:00:00+00:00,27703.75,27754.189453125,27654.880859375,27707.48046875,0
2025-12-17 02:30:00+00:00,27704.5703125,27753.009765625,27651.990234375,27662.0390625,0
2025-12-17 03:00:00+00:00,27755.33984375,27770.6796875,27702.0703125,27745.5703125,0
2025-12-17 03:30:00+00:00,27734.7890625,27780.689453125,27709.9296875,27715.390625,0
2025-12-17 04:00:00+00:00,27649.150390625,27771.810546875,27644.380859375,27731.55078125,0
2025-12-17 04:30:00+00:00,27493.689453125,27689.029296875,27493.689453125,27648.400390625,0
2025-12-17 05:00:00+00:00,27491.66015625,27520.5703125,27469.599609375,27492.650390625,0
2025-12-18 01:00:00+00:00,27383.830078125,27459.1796875,27350.76953125,27447.44921875,0
2025-12-18 01:30:00+00:00,27492.650390625,27560.630859375,27375.83984375,27385.880859375,0
2025-12-18 02:00:00+00:00,27499.23046875,27540.640625,27414.259765625,27452.41015625,0
2025-12-18 02:30:00+00:00,27469.4296875,27569.439453125,27459.439453125,27498.8203125,0
2025-12-18 03:00:00+00:00,27373.310546875,27511.390625,27368.48046875,27469.310546875,0
2025-12-18 03:30:00+00:00,27405.640625,27416.5390625,27357.939453125,27411.650390625,0
2025-12-18 04:00:00+00:00,27383.05078125,27424.970703125,27358.5390625,27366.16015625,0
2025-12-18 04:30:00+00:00,27488.830078125,27496.080078125,27383.759765625,27383.759765625,0
2025-12-18 05:00:00+00:00,27442.970703125,27491.0703125,27396.279296875,27490.2890625,0
2025-12-19 01:00:00+00:00,27799.01953125,27841.91015625,27685.740234375,27685.740234375,0
2025-12-19 01:30:00+00:00,27841.94921875,27844.619140625,27774.029296875,27837.9609375,0
2025-12-19 02:00:00+00:00,27779.58984375,27869.779296875,27779.400390625,27802.19921875,0
2025-12-19 02:30:00+00:00,27759.48046875,27826.599609375,27751.5,27780.0390625,0
2025-12-19 03:00:00+00:00,27854.029296875,27855.2890625,27707.66015625,27759.6796875,0
2025-12-19 03:30:00+00:00,27817.689453125,27860.48046875,27761.310546875,27817.349609375,0
2025-12-19 04:00:00+00:00,27760.939453125,27826.7109375,27720.130859375,27814.080078125,0
2025-12-19 04:30:00+00:00,27715.3203125,27768.669921875,27672.05078125,27763.55078125,0
2025-12-19 05:00:00+00:00,27728.4609375,27774.44921875,27714.98046875,27714.98046875,0
2025-12-22 01:00:00+00:00,28040.9296875,28142.7890625,27986.66015625,27986.66015625,0
2025-12-22 01:30:00+00:00,28088.029296875,28091.26953125,28029.380859375,28041.26953125,0
2025-12-22 02:00:00+00:00,28082.1796875,28141.76953125,28039.7890625,28084.419921875,0
2025-12-22 02:30:00+00:00,28160.259765625,28165.529296875,28082.7109375,28082.7109375,0
2025-12-22 03:00:00+00:00,28164.970703125,28168.75,28116.900390625,28116.900390625,0
2025-12-22 03:30:00+00:00,28113.220703125,28165.779296875,28111.169921875,28162.83984375,0
2025-12-22 04:00:00+00:00,28066.009765625,28159.900390625,28060.80078125,28115.9296875,0
2025-12-22 04:30:00+00:00,28114.19921875,28160.0703125,28063.80078125,28065.259765625,0
2025-12-22 05:00:00+00:00,28122.900390625,28164.23046875,28106.66015625,28110.869140625,0
2025-12-23 01:00:00+00:00,28223.109375,28298.130859375,28212.83984375,28253.140625,0
2025-12-23 01:30:00+00:00,28333.060546875,28333.060546875,28220.390625,28262.9296875,0
2025-12-23 02:00:00+00:00,28290.939453125,28330.810546875,28257.189453125,28330.810546875,0
2025-12-23 02:30:00+00:00,28293.919921875,28302.740234375,28244.029296875,28251.259765625,0
2025-12-23 03:00:00+00:00,28305.44921875,28307.44921875,28250.919921875,28254.990234375,0
2025-12-23 03:30:00+00:00,28236.740234375,28350.369140625,28232.630859375,28302.650390625,0
2025-12-23 04:00:00+00:00,28286.91015625,28331.310546875,28234.599609375,28240.2890625,0
2025-12-23 04:30:00+00:00,28319.369140625,28333.76953125,28275.419921875,28324.98046875,0
2025-12-23 05:00:00+00:00,28309.560546875,28325.130859375,28262.119140625,28281.5390625,0
2025-12-24 01:00:00+00:00,28416.779296875,28486.380859375,28383.609375,28383.609375,0
2025-12-24 01:30:00+00:00,28377.509765625,28458.0390625,28336.80078125,28416.439453125,0
2025-12-24 02:00:00+00:00,28336.490234375,28378.7890625,28297.689453125,28333.9609375,0
2025-12-24 02:30:00+00:00,28346.51953125,28354.359375,28280.58984375,28336.76953125,0
2025-12-24 03:00:00+00:00,28354.810546875,28365.470703125,28302.859375,28346.890625,0
2025-12-24 03:30:00+00:00,28352.080078125,28359.009765625,28304.75,28353.25,0
2025-12-24 04:00:00+00:00,28389.83984375,28397.259765625,28305.640625,28312.0,0
2025-12-24 04:30:00+00:00,28327.83984375,28390.990234375,28324.080078125,28386.380859375,0
2025-12-24 05:00:00+00:00,28378.220703125,28378.609375,28325.259765625,28330.5390625,0
2025-12-26 01:00:00+00:00,28461.689453125,28590.91015625,28443.48046875,28443.48046875,0
2025-12-26 01:30:00+00:00,28464.0,28507.55078125,28404.33984375,28460.880859375,0
2025-12-26 02:00:00+00:00,28521.1796875,28539.2109375,28451.1796875,28505.4609375,0
2025-12-26 02:30:00+00:00,28485.609375,28534.5,28474.599609375,28479.890625,0
2025-12-26 03:00:00+00:00,28557.05078125,28558.640625,28479.75,28526.029296875,0
2025-12-26 03:30:00+00:00,28550.58984375,28563.439453125,28506.6796875,28557.0390625,0
2025-12-26 04:00:00+00:00,28504.41015625,28552.119140625,28498.5703125,28550.439453125,0
2025-12-26 04:30:00+00:00,28546.1796875,28552.310546875,28499.419921875,28504.740234375,0
2025-12-26 05:00:00+00:00,28510.439453125,28556.060546875,28507.73046875,28550.080078125,0
2025-12-29 01:00:00+00:00,28670.76953125,28714.939453125,28595.349609375,28662.7890625,0
2025-12-29 01:30:00+00:00,28771.7890625,28776.1796875,28665.779296875,28668.939453125,0
2025-12-29 02:00:00+00:00,28782.0,28788.640625,28726.990234375,28774.150390625,0
2025-12-29 02:30:00+00:00,28753.2109375,28786.689453125,28712.83984375,28782.05078125,0
2025-12-29 03:00:00+00:00,28764.75,28767.849609375,28710.490234375,28751.880859375,0
2025-12-29 03:30:00+00:00,28777.109375,28824.58984375,28724.669921875,28764.990234375,0
2025-12-29 04:00:00+00:00,28788.08984375,28832.55078125,28777.48046875,28777.48046875,0
2025-12-29 04:30:00+00:00,28789.080078125,28841.640625,28782.939453125,28825.189453125,0
2025-12-29 05:00:00+00:00,28768.140625,28830.330078125,28758.890625,28829.26953125,0
2025-12-30 01:00:00+00:00,28618.830078125,28723.8203125,28553.640625,28723.8203125,0
2025-12-30 01:30:00+00:00,28684.060546875,28729.1796875,28618.30078125,28620.009765625,0
2025-12-30 02:00:00+00:00,28663.900390625,28726.890625,28644.1796875,28720.7109375,0
2025-12-30 02:30:00+00:00,28677.3203125,28721.5,28656.759765625,28662.970703125,0
2025-12-30 03:00:00+00:00,28671.83984375,28726.3203125,28668.220703125,28677.4609375,0
2025-12-30 03:30:00+00:00,28766.990234375,28772.490234375,28670.939453125,28670.939453125,0
2025-12-30 04:00:00+00:00,28801.119140625,28801.119140625,28724.220703125,28767.859375,0
2025-12-30 04:30:00+00:00,28753.1796875,28802.919921875,28745.240234375,28802.919921875,0
2025-12-30 05:00:00+00:00,28832.880859375,28833.029296875,28752.91015625,28755.23046875,0
2025-12-31 01:00:00+00:00,28858.0,28860.869140625,28687.900390625,28723.490234375,0
2025-12-31 01:30:00+00:00,28861.439453125,28978.599609375,28813.08984375,28856.509765625,0
2025-12-31 02:00:00+00:00,28863.810546875,28915.2890625,28848.140625,28901.939453125,0
2025-12-31 02:30:00+00:00,28898.560546875,28940.939453125,28862.66015625,28863.009765625,0
2025-12-31 03:00:00+00:00,28994.7109375,29001.259765625,28901.69921875,28901.69921875,0
2025-12-31 03:30:00+00:00,28954.30078125,29006.609375,28951.5,28992.41015625,0
2025-12-31 04:00:00+00:00,28996.83984375,29005.94921875,28949.259765625,28954.5,0
2025-12-31 04:30:00+00:00,28963.029296875,29008.400390625,28952.560546875,28958.2890625,0
2025-12-31 05:00:00+00:00,28984.609375,29009.810546875,28938.580078125,28962.25,0
2026-01-02 01:00:00+00:00,29035.8203125,29167.9609375,29007.75,29016.6796875,0
2026-01-02 01:30:00+00:00,29094.029296875,29134.4296875,29035.080078125,29037.099609375,0
2026-01-02 02:00:00+00:00,29217.580078125,29219.970703125,29095.619140625,29097.359375,0
2026-01-02 02:30:00+00:00,29251.509765625,29274.1796875,29171.669921875,29171.990234375,0
2026-01-02 03:00:00+00:00,29285.1796875,29325.16015625,29212.560546875,29250.2890625,0
2026-01-02 03:30:00+00:00,29281.9609375,29291.73046875,29238.970703125,29287.0390625,0
2026-01-02 04:00:00+00:00,29313.66015625,29363.4296875,29242.189453125,29284.669921875,0
2026-01-02 04:30:00+00:00,29347.0390625,29356.140625,29304.3203125,29354.330078125,0
2026-01-02 05:00:00+00:00,29357.390625,29358.599609375,29305.3203125,29306.470703125,0
2026-01-05 01:00:00+00:00,29969.9609375,29977.529296875,29779.69921875,29779.69921875,0
2026-01-05 01:30:00+00:00,30078.349609375,30221.599609375,29915.58984375,29928.94921875,0
2026-01-05 02:00:00+00:00,30204.51953125,30205.25,30054.029296875,30073.640625,0
2026-01-05 02:30:00+00:00,30196.189453125,30207.419921875,30123.970703125,30163.529296875,0
2026-01-05 03:00:00+00:00,30290.5,30339.3203125,30151.109375,30193.41015625,0
2026-01-05 03:30:00+00:00,30217.26953125,30294.51953125,30175.119140625,30288.599609375,0
2026-01-05 04:00:00+00:00,30189.279296875,30242.099609375,30172.779296875,30177.580078125,0
2026-01-05 04:30:00+00:00,30139.26953125,30237.609375,30107.080078125,30187.330078125,0
2026-01-05 05:00:00+00:00,30080.529296875,30159.419921875,30066.08984375,30140.650390625,0
2026-01-06 01:00:00+00:00,30214.58984375,30227.369140625,29933.650390625,29933.650390625,0
2026-01-06 01:30:00+00:00,30220.630859375,30277.19921875,30105.58984375,30173.66015625,0
2026-01-06 02:00:00+00:00,30222.080078125,30279.810546875,30197.83984375,30221.529296875,0
2026-01-06 02:30:00+00:00,30375.66015625,30387.9609375,30219.58984375,30219.8203125,0
2026-01-06 03:00:00+00:00,30417.19921875,30471.390625,30372.869140625,30380.9609375,0
2026-01-06 03:30:00+00:00,30378.099609375,30430.3203125,30373.859375,30418.98046875,0
2026-01-06 04:00:00+00:00,30385.130859375,30432.16015625,30372.9296875,30420.4609375,0
2026-01-06 04:30:00+00:00,30474.48046875,30511.810546875,30378.01953125,30382.740234375,0
2026-01-06 05:00:00+00:00,30447.01953125,30527.73046875,30431.720703125,30432.970703125,0
2026-01-07 01:00:00+00:00,30358.94921875,30527.900390625,30317.73046875,30412.3203125,0
2026-01-07 01:30:00+00:00,30370.810546875,30495.890625,30306.16015625,30317.7109375,0
2026-01-07 02:00:00+00:00,30427.390625,30427.390625,30315.359375,30332.619140625,0
2026-01-07 02:30:00+00:00,30460.58984375,30468.830078125,30409.16015625,30463.880859375,0
2026-01-07 03:00:00+00:00,30487.05078125,30530.400390625,30419.23046875,30462.890625,0
2026-01-07 03:30:00+00:00,30511.630859375,30570.259765625,30467.689453125,30525.439453125,0
2026-01-07 04:00:00+00:00,30424.669921875,30517.51953125,30424.640625,30511.130859375,0
2026-01-07 04:30:00+00:00,30385.9296875,30443.009765625,30336.0390625,30424.869140625,0
2026-01-07 05:00:00+00:00,30378.58984375,30432.94921875,30370.2890625,30383.380859375,0
2026-01-08 01:00:00+00:00,30372.880859375,30442.140625,30268.359375,30330.580078125,0
2026-01-08 01:30:00+00:00,30451.970703125,30533.080078125,30294.130859375,30369.810546875,0
2026-01-08 02:00:00+00:00,30490.259765625,30593.490234375,30453.30078125,30454.2109375,0
2026-01-08 02:30:00+00:00,30364.240234375,30529.619140625,30346.140625,30529.619140625,0
2026-01-08 03:00:00+00:00,30453.810546875,30513.0390625,30356.140625,30365.19921875,0
2026-01-08 03:30:00+00:00,30423.76953125,30502.130859375,30411.900390625,30452.55078125,0
2026-01-08 04:00:00+00:00,30468.359375,30475.419921875,30416.140625,30462.3203125,0
2026-01-08 04:30:00+00:00,30415.83984375,30473.75,30404.33984375,30429.05078125,0
2026-01-08 05:00:00+00:00,30433.8203125,30456.3203125,30393.119140625,30451.169921875,0
2026-01-09 01:00:00+00:00,29925.490234375,30370.44921875,29925.490234375,30370.44921875,0
2026-01-09 01:30:00+00:00,30104.26953125,30207.640625,29928.279296875,29966.990234375,0
2026-01-09 02:00:00+00:00,30308.1796875,30318.0,30104.009765625,30104.009765625,0
2026-01-09 02:30:00+00:00,30403.01953125,30500.419921875,30275.080078125,30308.73046875,0
2026-01-09 03:00:00+00:00,30396.69921875,30499.0703125,30396.69921875,30444.0703125,0
2026-01-09 03:30:00+00:00,30429.439453125,30445.16015625,30386.1796875,30396.900390625,0
2026-01-09 04:00:00+00:00,30423.310546875,30471.75,30377.6796875,30427.220703125,0
2026-01-09 04:30:00+00:00,30300.58984375,30468.51953125,30291.640625,30425.009765625,0
2026-01-09 05:00:00+00:00,30312.900390625,30357.48046875,30290.83984375,30296.7109375,0
2026-01-12 01:00:00+00:00,30574.2890625,30681.990234375,30472.69921875,30472.69921875,0
2026-01-12 01:30:00+00:00,30567.2109375,30624.0390625,30510.130859375,30572.25,0
2026-01-12 02:00:00+00:00,30585.150390625,30634.359375,30507.7890625,30522.6796875,0
2026-01-12 02:30:00+00:00,30587.939453125,30639.05078125,30534.7109375,30583.05078125,0
2026-01-12 03:00:00+00:00,30635.880859375,30641.869140625,30541.880859375,30587.939453125,0
2026-01-12 03:30:00+00:00,30655.23046875,30658.470703125,30591.080078125,30639.349609375,0
2026-01-12 04:00:00+00:00,30608.5390625,30663.779296875,30604.509765625,30656.599609375,0
2026-01-12 04:30:00+00:00,30595.779296875,30651.55078125,30544.630859375,30649.73046875,0
2026-01-12 05:00:00+00:00,30558.859375,30651.470703125,30558.859375,30634.01953125,0
2026-01-13 01:00:00+00:00,30854.490234375,30973.849609375,30630.859375,30630.859375,0
2026-01-13 01:30:00+00:00,30676.2109375,30893.849609375,30596.01953125,30860.41015625,0
2026-01-13 02:00:00+00:00,30621.279296875,30708.9609375,30529.330078125,30672.830078125,0
2026-01-13 02:30:00+00:00,30721.8203125,30766.73046875,30614.880859375,30621.0703125,0
2026-01-13 03:00:00+00:00,30797.869140625,30799.5390625,30660.4296875,30722.689453125,0
2026-01-13 03:30:00+00:00,30719.130859375,30796.69921875,30673.099609375,30758.140625,0
2026-01-13 04:00:00+00:00,30662.060546875,30764.970703125,30655.140625,30716.0,0
2026-01-13 04:30:00+00:00,30670.609375,30713.990234375,30644.01953125,30659.470703125,0
2026-01-13 05:00:00+00:00,30705.060546875,30716.140625,30656.5703125,30669.130859375,0
2026-01-14 01:00:00+00:00,30832.029296875,30888.599609375,30742.529296875,30742.529296875,0
2026-01-14 01:30:00+00:00,30895.779296875,30918.619140625,30835.3203125,30835.91015625,0
2026-01-14 02:00:00+00:00,30983.73046875,30994.810546875,30861.169921875,30899.76953125,0
2026-01-14 02:30:00+00:00,30908.390625,30981.369140625,30846.919921875,30947.4609375,0
2026-01-14 03:00:00+00:00,30934.3203125,30974.05078125,30864.439453125,30907.8203125,0
2026-01-14 03:30:00+00:00,30892.599609375,30942.7890625,30887.16015625,30931.509765625,0
2026-01-14 04:00:00+00:00,30861.7890625,30952.58984375,30854.560546875,30897.0,0
2026-01-14 04:30:00+00:00,30881.130859375,30902.419921875,30834.779296875,30863.439453125,0
2026-01-14 05:00:00+00:00,30891.560546875,30893.1796875,30829.650390625,30880.19921875,0
2026-01-15 01:00:00+00:00,30798.26953125,30851.400390625,30736.259765625,30746.98046875,0
2026-01-15 01:30:00+00:00,30771.91015625,30850.310546875,30770.1796875,30800.619140625,0
2026-01-15 02:00:00+00:00,30744.73046875,30812.390625,30705.509765625,30809.7109375,0
2026-01-15 02:30:00+00:00,30688.0390625,30752.9609375,30675.5703125,30745.990234375,0
2026-01-15 03:00:00+00:00,30704.939453125,30753.029296875,30681.619140625,30686.41015625,0
2026-01-15 03:30:00+00:00,30670.0703125,30759.119140625,30663.869140625,30705.869140625,0
2026-01-15 04:00:00+00:00,30774.419921875,30786.16015625,30668.7109375,30668.7109375,0
2026-01-15 04:30:00+00:00,30767.359375,30812.3203125,30715.900390625,30773.4296875,0
2026-01-15 05:00:00+00:00,30838.2109375,30877.310546875,30756.6796875,30762.19921875,0
2026-01-16 01:00:00+00:00,31151.970703125,31339.390625,30844.630859375,30844.630859375,0
2026-01-16 01:30:00+00:00,31168.759765625,31205.58984375,31099.529296875,31115.8203125,0
2026-01-16 02:00:00+00:00,31276.4609375,31284.8203125,31166.2109375,31166.2109375,0
2026-01-16 02:30:00+00:00,31346.0703125,31346.23046875,31233.990234375,31278.30078125,0
2026-01-16 03:00:00+00:00,31406.6796875,31421.830078125,31328.01953125,31344.529296875,0
2026-01-16 03:30:00+00:00,31333.640625,31413.9609375,31322.029296875,31406.05078125,0
2026-01-16 04:00:00+00:00,31417.1796875,31462.939453125,31327.359375,31372.349609375,0
2026-01-16 04:30:00+00:00,31438.560546875,31462.890625,31386.94921875,31419.380859375,0
2026-01-16 05:00:00+00:00,31428.630859375,31475.220703125,31375.80078125,31438.44921875,0
2026-01-19 01:00:00+00:00,31432.7109375,31478.51953125,31285.529296875,31336.76953125,0
2026-01-19 01:30:00+00:00,31399.640625,31500.0703125,31337.939453125,31431.490234375,0
2026-01-19 02:00:00+00:00,31477.720703125,31482.009765625,31361.919921875,31401.150390625,0
2026-01-19 02:30:00+00:00,31463.130859375,31515.669921875,31434.779296875,31481.0,0
2026-01-19 03:00:00+00:00,31523.900390625,31549.919921875,31456.83984375,31456.83984375,0
2026-01-19 03:30:00+00:00,31587.94921875,31616.939453125,31481.880859375,31481.880859375,0
2026-01-19 04:00:00+00:00,31667.650390625,31673.75,31531.369140625,31586.3203125,0
2026-01-19 04:30:00+00:00,31727.189453125,31827.390625,31623.76953125,31668.970703125,0
2026-01-19 05:00:00+00:00,31652.859375,31731.560546875,31408.69921875,31727.490234375,0
2026-01-20 01:00:00+00:00,31562.05078125,31589.060546875,31340.099609375,31584.33984375,0
2026-01-20 01:30:00+00:00,31511.7890625,31565.4296875,31460.720703125,31562.4609375,0
2026-01-20 02:00:00+00:00,31656.2890625,31657.470703125,31507.5390625,31553.240234375,0
2026-01-20 02:30:00+00:00,31721.98046875,31729.330078125,31621.25,31654.509765625,0
2026-01-20 03:00:00+00:00,31687.029296875,31721.759765625,31634.759765625,31681.80078125,0
2026-01-20 03:30:00+00:00,31640.44921875,31736.140625,31619.720703125,31648.140625,0
2026-01-20 04:00:00+00:00,31665.5703125,31679.48046875,31620.169921875,31639.529296875,0
2026-01-20 04:30:00+00:00,31704.119140625,31716.509765625,31653.060546875,31666.5703125,0
2026-01-20 05:00:00+00:00,31736.58984375,31746.189453125,31663.669921875,31663.669921875,0
2026-01-21 01:00:00+00:00,31553.080078125,31749.140625,31401.490234375,31749.140625,0
2026-01-21 01:30:00+00:00,31582.060546875,31712.609375,31539.919921875,31558.169921875,0
2026-01-21 02:00:00+00:00,31465.220703125,31660.23046875,31410.2890625,31586.810546875,0
2026-01-21 02:30:00+00:00,31509.6796875,31510.109375,31394.91015625,31466.900390625,0
2026-01-21 03:00:00+00:00,31490.900390625,31530.150390625,31439.259765625,31468.1796875,0
2026-01-21 03:30:00+00:00,31348.439453125,31490.05078125,31347.44921875,31490.05078125,0
2026-01-21 04:00:00+00:00,31368.599609375,31393.9296875,31325.849609375,31348.470703125,0
2026-01-21 04:30:00+00:00,31230.560546875,31371.619140625,31226.26953125,31371.619140625,0
2026-01-21 05:00:00+00:00,31301.69921875,31342.359375,31200.759765625,31231.240234375,0
2026-01-22 01:00:00+00:00,31739.91015625,31858.8203125,31371.130859375,31371.130859375,0
2026-01-22 01:30:00+00:00,31763.19921875,31864.0,31730.400390625,31779.310546875,0
2026-01-22 02:00:00+00:00,31829.69921875,31890.619140625,31759.580078125,31803.73046875,0
2026-01-22 02:30:00+00:00,31822.919921875,31841.9609375,31765.08984375,31831.650390625,0
2026-01-22 03:00:00+00:00,31856.380859375,31884.23046875,31788.4609375,31821.2109375,0
2026-01-22 03:30:00+00:00,31813.3203125,31862.810546875,31773.91015625,31857.439453125,0
2026-01-22 04:00:00+00:00,31710.310546875,31816.140625,31661.140625,31816.140625,0
2026-01-22 04:30:00+00:00,31723.25,31765.109375,31705.48046875,31705.48046875,0
2026-01-22 05:00:00+00:00,31705.419921875,31764.23046875,31657.830078125,31764.23046875,0
2026-01-23 01:00:00+00:00,31766.0390625,32042.439453125,31754.390625,31788.76953125,0
2026-01-23 01:30:00+00:00,31795.439453125,31837.66015625,31693.150390625,31765.970703125,0
2026-01-23 02:00:00+00:00,31890.740234375,31890.740234375,31779.19921875,31837.869140625,0
2026-01-23 02:30:00+00:00,31862.580078125,31942.1796875,31849.830078125,31891.55078125,0
2026-01-23 03:00:00+00:00,31955.7109375,31981.91015625,31857.140625,31857.140625,0
2026-01-23 03:30:00+00:00,31956.44921875,32001.25,31898.240234375,31954.640625,0
2026-01-23 04:00:00+00:00,31988.7890625,31997.26953125,31894.490234375,31953.7109375,0
2026-01-23 04:30:00+00:00,31896.01953125,31999.060546875,31896.01953125,31990.029296875,0
2026-01-23 05:00:00+00:00,31943.94921875,31946.279296875,31887.109375,31938.80078125,0
2026-01-26 01:00:00+00:00,32122.599609375,32184.380859375,31989.859375,32002.560546875,0
2026-01-26 01:30:00+00:00,32060.6796875,32156.849609375,32031.060546875,32080.6796875,0
2026-01-26 02:00:00+00:00,32119.919921875,32171.119140625,32052.580078125,32057.080078125,0
2026-01-26 02:30:00+00:00,32118.279296875,32174.69921875,32102.91015625,32121.3203125,0
2026-01-26 03:00:00+00:00,32092.349609375,32196.75,32089.810546875,32118.849609375,0
2026-01-26 03:30:00+00:00,32126.599609375,32167.310546875,32087.130859375,32091.130859375,0
2026-01-26 04:00:00+00:00,32130.41015625,32164.890625,32075.5390625,32163.859375,0
2026-01-26 04:30:00+00:00,32081.94921875,32141.380859375,32032.7890625,32130.439453125,0
2026-01-26 05:00:00+00:00,32054.810546875,32099.76953125,32030.880859375,32080.58984375,0
2026-01-27 01:00:00+00:00,32179.69921875,32230.0,32095.080078125,32095.080078125,0
2026-01-27 01:30:00+00:00,32270.94921875,32292.48046875,32145.349609375,32179.5390625,0
2026-01-27 02:00:00+00:00,32363.259765625,32373.689453125,32229.7890625,32235.650390625,0
2026-01-27 02:30:00+00:00,32365.76953125,32389.580078125,32294.080078125,32361.439453125,0
2026-01-27 03:00:00+00:00,32377.029296875,32391.5703125,32310.279296875,32365.75,0
2026-01-27 03:30:00+00:00,32297.16015625,32428.169921875,32295.83984375,32377.5,0
2026-01-27 04:00:00+00:00,32350.5,32365.970703125,32290.6796875,32292.009765625,0
2026-01-27 04:30:00+00:00,32340.25,32357.529296875,32293.869140625,32310.759765625,0
2026-01-27 05:00:00+00:00,32289.939453125,32343.0390625,32273.33984375,32339.48046875,0
2026-01-28 01:00:00+00:00,32684.8203125,32706.720703125,32381.759765625,32381.759765625,0
2026-01-28 01:30:00+00:00,32564.119140625,32693.130859375,32517.26953125,32646.2890625,0
2026-01-28 02:00:00+00:00,32624.390625,32633.83984375,32559.0,32566.91015625,0
2026-01-28 02:30:00+00:00,32638.189453125,32642.7890625,32566.73046875,32629.640625,0
2026-01-28 03:00:00+00:00,32594.890625,32651.900390625,32585.279296875,32600.529296875,0
2026-01-28 03:30:00+00:00,32616.560546875,32681.740234375,32594.150390625,32599.80078125,0
2026-01-28 04:00:00+00:00,32628.259765625,32677.779296875,32611.650390625,32615.66015625,0
2026-01-28 04:30:00+00:00,32671.73046875,32710.9609375,32616.9609375,32628.119140625,0
2026-01-28 05:00:00+00:00,32738.4296875,32777.171875,32671.400390625,32712.380859375,0
2026-01-29 01:00:00+00:00,32635.16015625,32996.03125,32488.380859375,32828.01953125,0
2026-01-29 01:30:00+00:00,32605.529296875,32731.2109375,32536.16015625,32635.7109375,0
2026-01-29 02:00:00+00:00,32713.150390625,32721.650390625,32533.3203125,32646.130859375,0
2026-01-29 02:30:00+00:00,32563.109375,32722.650390625,32472.44921875,32716.51953125,0
2026-01-29 03:00:00+00:00,32593.16015625,32685.4609375,32559.130859375,32564.009765625,0
2026-01-29 03:30:00+00:00,32644.55078125,32674.0,32575.98046875,32592.470703125,0
2026-01-29 04:00:00+00:00,32577.58984375,32678.66015625,32574.80078125,32641.41015625,0
2026-01-29 04:30:00+00:00,32643.91015625,32658.119140625,32572.240234375,32615.970703125,0
2026-01-29 05:00:00+00:00,32570.75,32655.580078125,32533.369140625,32655.580078125,0
2026-01-30 01:00:00+00:00,32202.9296875,32555.51953125,32191.939453125,32555.51953125,0
2026-01-30 01:30:00+00:00,32108.30078125,32255.650390625,32039.9296875,32201.48046875,0
2026-01-30 02:00:00+00:00,32072.3203125,32191.4609375,32007.58984375,32108.9609375,0
2026-01-30 02:30:00+00:00,32228.060546875,32236.630859375,32004.9609375,32074.0703125,0
2026-01-30 03:00:00+00:00,32223.029296875,32295.119140625,32156.0,32230.669921875,0
2026-01-30 03:30:00+00:00,32175.55078125,32232.869140625,32167.779296875,32223.8203125,0
2026-01-30 04:00:00+00:00,32246.0390625,32285.849609375,32162.26953125,32217.16015625,0
2026-01-30 04:30:00+00:00,32260.390625,32268.869140625,32207.439453125,32244.9296875,0
2026-01-30 05:00:00+00:00,32203.580078125,32311.169921875,32156.51953125,32262.720703125,0
2026-02-03 01:00:00+00:00,32221.55078125,32293.830078125,31737.66015625,31737.66015625,0
2026-02-03 01:30:00+00:00,32084.130859375,32262.599609375,32080.05078125,32222.609375,0
2026-02-03 02:00:00+00:00,31925.970703125,32131.2890625,31875.669921875,32122.240234375,0
2026-02-03 02:30:00+00:00,32047.810546875,32085.25,31921.470703125,31929.990234375,0
2026-02-03 03:00:00+00:00,32068.2109375,32098.099609375,32012.9609375,32046.01953125,0
2026-02-03 03:30:00+00:00,32004.109375,32072.26953125,31980.119140625,32031.990234375,0
2026-02-03 04:00:00+00:00,32094.310546875,32128.029296875,32006.9609375,32006.9609375,0
2026-02-03 04:30:00+00:00,32110.890625,32169.189453125,32049.830078125,32053.119140625,0
2026-02-03 05:00:00+00:00,32211.080078125,32211.080078125,32063.51953125,32069.009765625,0
2026-02-04 01:00:00+00:00,32121.8203125,32196.5703125,31942.279296875,32196.5703125,0
2026-02-04 01:30:00+00:00,32235.970703125,32235.970703125,32078.970703125,32120.33984375,0
2026-02-04 02:00:00+00:00,32196.5,32373.75,32194.26953125,32232.939453125,0
2026-02-04 02:30:00+00:00,32294.220703125,32314.33984375,32189.759765625,32235.359375,0
2026-02-04 03:00:00+00:00,32276.0,32315.009765625,32246.560546875,32291.48046875,0
2026-02-04 03:30:00+00:00,32289.55078125,32344.3203125,32268.619140625,32275.9296875,0
2026-02-04 04:00:00+00:00,32302.080078125,32346.33984375,32252.5,32289.41015625,0
2026-02-04 04:30:00+00:00,32333.169921875,32380.0,32252.130859375,32300.2890625,0
2026-02-04 05:00:00+00:00,32258.91015625,32379.01953125,32248.689453125,32374.099609375,0
2026-02-05 01:00:00+00:00,32022.560546875,32241.640625,31868.830078125,32241.640625,0
2026-02-05 01:30:00+00:00,32005.470703125,32093.76953125,31963.380859375,32023.900390625,0
2026-02-05 02:00:00+00:00,32044.169921875,32044.5703125,31866.529296875,31966.599609375,0
2026-02-05 02:30:00+00:00,31966.2109375,32046.759765625,31923.58984375,32045.279296875,0
2026-02-05 03:00:00+00:00,31861.470703125,31965.66015625,31819.80078125,31965.66015625,0
2026-02-05 03:30:00+00:00,31815.580078125,31868.9609375,31779.44921875,31856.51953125,0
2026-02-05 04:00:00+00:00,31798.599609375,31842.130859375,31769.080078125,31816.630859375,0
2026-02-05 04:30:00+00:00,31927.349609375,31936.509765625,31798.939453125,31798.939453125,0
2026-02-05 05:00:00+00:00,31859.990234375,31932.939453125,31813.51953125,31929.0703125,0
2026-02-06 01:00:00+00:00,31208.140625,31746.439453125,31164.279296875,31746.439453125,0
2026-02-06 01:30:00+00:00,31510.140625,31510.140625,31200.369140625,31252.0703125,0
2026-02-06 02:00:00+00:00,31770.390625,31770.58984375,31512.01953125,31512.01953125,0
2026-02-06 02:30:00+00:00,31806.119140625,31842.619140625,31706.279296875,31769.16015625,0
2026-02-06 03:00:00+00:00,31759.880859375,31809.0,31700.16015625,31805.109375,0
2026-02-06 03:30:00+00:00,31746.30078125,31821.099609375,31677.919921875,31764.41015625,0
2026-02-06 04:00:00+00:00,31679.75,31751.2109375,31664.130859375,31745.76953125,0
2026-02-06 04:30:00+00:00,31634.640625,31765.73046875,31583.0,31677.8203125,0
2026-02-06 05:00:00+00:00,31682.94921875,31728.109375,31606.9296875,31636.560546875,0
2026-02-09 01:00:00+00:00,32475.380859375,32666.05078125,31956.2109375,31956.2109375,0
2026-02-09 01:30:00+00:00,32515.5390625,32525.94921875,32404.859375,32472.099609375,0
2026-02-09 02:00:00+00:00,32544.30078125,32591.900390625,32485.9296875,32514.630859375,0
2026-02-09 02:30:00+00:00,32563.630859375,32592.330078125,32498.83984375,32544.029296875,0
2026-02-09 03:00:00+00:00,32567.669921875,32584.869140625,32518.990234375,32520.849609375,0
2026-02-09 03:30:00+00:00,32562.859375,32636.439453125,32525.9296875,32567.859375,0
2026-02-09 04:00:00+00:00,32564.130859375,32616.650390625,32516.0390625,32564.779296875,0
2026-02-09 04:30:00+00:00,32553.16015625,32569.119140625,32470.140625,32566.580078125,0
2026-02-09 05:00:00+00:00,32451.58984375,32559.91015625,32414.439453125,32552.310546875,0
2026-02-10 01:00:00+00:00,32897.69140625,33047.37890625,32439.7109375,32439.7109375,0
2026-02-10 01:30:00+00:00,33007.21875,33020.0,32897.98828125,32899.87890625,0
2026-02-10 02:00:00+00:00,32959.0390625,33010.078125,32895.01953125,33009.51171875,0
2026-02-10 02:30:00+00:00,32896.12890625,32998.55078125,32853.21875,32957.73046875,0
2026-02-10 03:00:00+00:00,32930.1015625,32971.609375,32852.8984375,32895.078125,0
2026-02-10 03:30:00+00:00,32922.640625,32968.109375,32884.109375,32929.80859375,0
2026-02-10 04:00:00+00:00,32907.91015625,33009.8203125,32906.109375,32922.58984375,0
2026-02-10 04:30:00+00:00,32970.23828125,33011.578125,32907.91015625,32907.91015625,0
2026-02-10 05:00:00+00:00,32999.6484375,33009.05859375,32947.28125,32974.25,0
2026-02-11 01:00:00+00:00,33300.109375,33307.53125,33071.671875,33086.1484375,0
2026-02-11 01:30:00+00:00,33336.0390625,33374.30078125,33291.671875,33297.6484375,0
2026-02-11 02:00:00+00:00,33452.23046875,33452.5390625,33312.3203125,33337.23828125,0
2026-02-11 02:30:00+00:00,33624.1796875,33630.109375,33402.69140625,33414.2890625,0
2026-02-11 03:00:00+00:00,33650.01171875,33661.71875,33565.6796875,33620.44140625,0
2026-02-11 03:30:00+00:00,33666.6015625,33675.8515625,33567.44140625,33608.9609375,0
2026-02-11 04:00:00+00:00,33675.37109375,33679.44140625,33615.859375,33665.6015625,0
2026-02-11 04:30:00+00:00,33638.66015625,33684.19921875,33580.3203125,33674.12109375,0
2026-02-11 05:00:00+00:00,33647.55859375,33707.828125,33613.1796875,33676.46875,0
2026-02-23 01:00:00+00:00,33995.890625,34046.05859375,33663.01953125,33663.01953125,0
2026-02-23 01:30:00+00:00,34084.37890625,34212.37890625,33996.859375,33996.859375,0
2026-02-23 02:00:00+00:00,34062.9296875,34109.0390625,33970.4296875,34044.37890625,0
2026-02-23 02:30:00+00:00,34101.640625,34164.140625,34018.62109375,34063.828125,0
2026-02-23 03:00:00+00:00,33998.6484375,34107.37109375,33962.6484375,34102.1484375,0
2026-02-23 03:30:00+00:00,34011.73046875,34020.96875,33953.8515625,33997.62109375,0
2026-02-23 04:00:00+00:00,33968.80859375,34024.62890625,33961.33984375,34010.12109375,0
2026-02-23 04:30:00+00:00,33993.80859375,34016.1796875,33925.30078125,34009.2109375,0
2026-02-23 05:00:00+00:00,33788.1484375,33951.359375,33736.0703125,33951.359375,0
2026-02-24 01:00:00+00:00,34241.1484375,34288.359375,33987.51171875,34020.7109375,0
2026-02-24 01:30:00+00:00,34330.23828125,34376.828125,34177.421875,34239.8203125,0
2026-02-24 02:00:00+00:00,34584.87109375,34671.37890625,34295.25,34295.25,0
2026-02-24 02:30:00+00:00,34585.75,34638.23828125,34526.80078125,34626.01953125,0
2026-02-24 03:00:00+00:00,34614.28125,34659.53125,34563.6796875,34584.5390625,0
2026-02-24 03:30:00+00:00,34612.3515625,34688.33984375,34567.890625,34614.359375,0
2026-02-24 04:00:00+00:00,34654.859375,34708.91015625,34574.26953125,34613.51171875,0
2026-02-24 04:30:00+00:00,34724.30859375,34731.51953125,34615.87109375,34658.71875,0
2026-02-24 05:00:00+00:00,34754.1796875,34786.421875,34686.2890625,34726.62890625,0
2026-02-25 01:00:00+00:00,35064.2109375,35192.6015625,34753.30859375,34753.30859375,0
2026-02-25 01:30:00+00:00,35180.05078125,35200.9296875,35060.62109375,35104.26953125,0
2026-02-25 02:00:00+00:00,35314.76953125,35342.4296875,35139.91015625,35179.12890625,0
2026-02-25 02:30:00+00:00,35513.078125,35516.19140625,35276.78125,35316.26953125,0
2026-02-25 03:00:00+00:00,35263.26171875,35521.5390625,35248.1015625,35515.80859375,0
2026-02-25 03:30:00+00:00,35322.2109375,35373.53125,35243.921875,35261.71875,0
2026-02-25 04:00:00+00:00,35237.69921875,35359.4609375,35182.66015625,35317.94140625,0
2026-02-25 04:30:00+00:00,35313.5703125,35318.76171875,35197.73046875,35197.73046875,0
2026-02-25 05:00:00+00:00,35304.48046875,35401.76953125,35271.19140625,35277.87109375,0
2026-02-26 01:00:00+00:00,35194.80078125,35457.76171875,35171.51953125,35457.76171875,0
2026-02-26 01:30:00+00:00,35393.9296875,35483.171875,35194.94921875,35194.94921875,0
2026-02-26 02:00:00+00:00,35479.2890625,35479.2890625,35363.55078125,35389.5390625,0
2026-02-26 02:30:00+00:00,35569.8515625,35572.05859375,35418.5,35478.51171875,0
2026-02-26 03:00:00+00:00,35507.1015625,35579.33984375,35452.66015625,35573.94140625,0
2026-02-26 03:30:00+00:00,35486.3203125,35509.1015625,35438.48046875,35507.21875,0
2026-02-26 04:00:00+00:00,35435.828125,35495.23046875,35428.26171875,35482.30078125,0
2026-02-26 04:30:00+00:00,35441.890625,35490.76171875,35422.671875,35438.6484375,0
2026-02-26 05:00:00+00:00,35499.69140625,35507.51953125,35398.5390625,35489.23046875,0
2026-03-02 01:00:00+00:00,35162.28125,35277.48046875,34605.359375,35277.48046875,0
2026-03-02 01:30:00+00:00,35138.0,35345.71875,35095.76953125,35159.01953125,0
2026-03-02 02:00:00+00:00,35264.0703125,35325.4296875,35153.48828125,35187.3515625,0
2026-03-02 02:30:00+00:00,35298.05078125,35310.78125,35225.5,35300.44921875,0
2026-03-02 03:00:00+00:00,35288.94921875,35304.890625,35233.890625,35298.41015625,0
2026-03-02 03:30:00+00:00,35291.12890625,35304.62109375,35235.5390625,35292.55859375,0
2026-03-02 04:00:00+00:00,35262.1015625,35299.48046875,35213.5390625,35292.140625,0
2026-03-02 04:30:00+00:00,35271.80078125,35282.2109375,35169.19921875,35259.578125,0
2026-03-02 05:00:00+00:00,35184.6015625,35268.109375,35134.640625,35231.640625,0
2026-03-03 01:00:00+00:00,35062.55859375,35264.58984375,35022.87109375,35106.21875,0
2026-03-03 01:30:00+00:00,34700.69921875,35060.671875,34696.671875,35060.671875,0
2026-03-03 02:00:00+00:00,34547.55078125,34739.58984375,34447.2890625,34700.8203125,0
2026-03-03 02:30:00+00:00,34577.359375,34636.62890625,34377.1015625,34545.0703125,0
2026-03-03 03:00:00+00:00,34477.1015625,34639.51953125,34475.23046875,34577.1484375,0
2026-03-03 03:30:00+00:00,34545.26171875,34588.609375,34435.12890625,34479.30859375,0
2026-03-03 04:00:00+00:00,34444.5,34558.19921875,34404.69921875,34504.3515625,0
2026-03-03 04:30:00+00:00,34358.44921875,34446.62890625,34358.1015625,34441.48046875,0
2026-03-03 05:00:00+00:00,34413.78125,34417.0703125,34348.8203125,34400.4609375,0
2026-03-04 01:00:00+00:00,33093.2109375,34228.75,32950.0390625,33667.1796875,0
2026-03-04 01:30:00+00:00,33378.7109375,33520.6484375,32990.01953125,33088.76953125,0
2026-03-04 02:00:00+00:00,33125.01953125,33376.8515625,33084.16015625,33336.140625,0
2026-03-04 02:30:00+00:00,33169.5,33281.87109375,33027.94140625,33087.0,0
2026-03-04 03:00:00+00:00,33051.890625,33181.83984375,33031.3203125,33156.2890625,0
2026-03-04 03:30:00+00:00,33036.328125,33101.12890625,32991.25,33057.80078125,0
2026-03-04 04:00:00+00:00,33053.53125,33135.6796875,32999.62109375,33035.12109375,0
2026-03-04 04:30:00+00:00,33001.78125,33050.671875,32844.83984375,33014.23046875,0
2026-03-04 05:00:00+00:00,32886.80078125,33017.23046875,32881.12890625,33005.03125,0
2026-03-05 01:00:00+00:00,34127.0703125,34319.6796875,33620.73828125,33620.73828125,0
2026-03-05 01:30:00+00:00,33756.1796875,34207.46875,33733.66015625,34169.62890625,0
2026-03-05 02:00:00+00:00,33525.5390625,33802.05859375,33519.609375,33802.05859375,0
2026-03-05 02:30:00+00:00,33718.71875,33881.140625,33472.91015625,33525.6015625,0
2026-03-05 03:00:00+00:00,33711.69921875,33816.23828125,33670.01171875,33720.921875,0
2026-03-05 03:30:00+00:00,33536.23828125,33721.6796875,33529.08984375,33673.2890625,0
2026-03-05 04:00:00+00:00,33561.05859375,33598.609375,33485.671875,33536.5,0
2026-03-05 04:30:00+00:00,33793.91015625,33794.37109375,33564.05859375,33605.2890625,0
2026-03-05 05:00:00+00:00,33701.9609375,33798.46875,33651.109375,33793.28125,0
2026-03-06 01:00:00+00:00,33458.890625,33581.37109375,33322.51953125,33483.94140625,0
2026-03-06 01:30:00+00:00,33638.7109375,33662.5703125,33408.828125,33460.69140625,0
2026-03-06 02:00:00+00:00,33827.51953125,33829.48828125,33591.78125,33634.8515625,0
2026-03-06 02:30:00+00:00,33652.8515625,33827.91015625,33610.1015625,33826.109375,0
2026-03-06 03:00:00+00:00,33572.19921875,33678.0703125,33530.2109375,33616.5390625,0
2026-03-06 03:30:00+00:00,33595.23046875,33596.4609375,33452.6796875,33527.6796875,0
2026-03-06 04:00:00+00:00,33557.83984375,33666.6796875,33516.87890625,33599.69140625,0
2026-03-06 04:30:00+00:00,33548.6484375,33602.3203125,33511.76171875,33520.69140625,0
2026-03-06 05:00:00+00:00,33549.05859375,33600.609375,33537.6796875,33551.73828125,0
2026-03-09 01:00:00+00:00,31763.9609375,32354.609375,31529.359375,32354.609375,0
2026-03-09 01:30:00+00:00,31653.859375,31836.720703125,31623.029296875,31769.140625,0
2026-03-09 02:00:00+00:00,31714.08984375,31851.23046875,31626.900390625,31657.5,0
2026-03-09 02:30:00+00:00,31882.109375,31901.990234375,31642.4296875,31712.619140625,0
2026-03-09 03:00:00+00:00,31844.2109375,32020.16015625,31824.30078125,31881.1796875,0
2026-03-09 03:30:00+00:00,31860.650390625,31919.48046875,31800.0703125,31842.01953125,0
2026-03-09 04:00:00+00:00,31926.66015625,31970.560546875,31860.25,31860.900390625,0
2026-03-09 04:30:00+00:00,31922.720703125,31989.890625,31850.98046875,31926.560546875,0
2026-03-09 05:00:00+00:00,31967.560546875,32038.9296875,31874.400390625,31930.220703125,0
2026-03-10 01:00:00+00:00,33096.19140625,33199.12109375,32692.369140625,32692.369140625,0
2026-03-10 01:30:00+00:00,33165.2109375,33217.16015625,33030.83984375,33091.48046875,0
2026-03-10 02:00:00+00:00,33201.76953125,33256.69140625,33145.828125,33162.6796875,0
2026-03-10 02:30:00+00:00,32928.3203125,33209.23046875,32885.44140625,33165.37109375,0
2026-03-10 03:00:00+00:00,32764.599609375,32975.8984375,32724.330078125,32893.28125,0
2026-03-10 03:30:00+00:00,32536.3203125,32769.609375,32455.19921875,32726.16015625,0
2026-03-10 04:00:00+00:00,32713.380859375,32759.01953125,32501.2109375,32537.98046875,0
2026-03-10 04:30:00+00:00,32750.310546875,32781.37890625,32656.849609375,32713.609375,0
2026-03-10 05:00:00+00:00,32801.921875,32887.94921875,32711.560546875,32750.16015625,0
2026-03-11 01:00:00+00:00,33600.75,33664.55078125,33128.48828125,33128.48828125,0
2026-03-11 01:30:00+00:00,33667.76171875,33676.83984375,33575.1796875,33635.83984375,0
2026-03-11 02:00:00+00:00,33825.73828125,33875.390625,33600.44921875,33628.2890625,0
2026-03-11 02:30:00+00:00,33910.359375,33956.6015625,33780.9609375,33826.51171875,0
2026-03-11 03:00:00+00:00,34058.94921875,34108.0,33912.94921875,33912.94921875,0
2026-03-11 03:30:00+00:00,34185.08984375,34218.66015625,34019.87109375,34059.41015625,0
2026-03-11 04:00:00+00:00,34186.5703125,34194.73046875,34136.4296875,34186.3515625,0
2026-03-11 04:30:00+00:00,34179.44140625,34197.578125,34136.69140625,34186.30859375,0
2026-03-11 05:00:00+00:00,34122.37109375,34198.6015625,34090.12890625,34181.69921875,0
2026-03-12 01:00:00+00:00,33891.91015625,33891.91015625,33670.62109375,33816.1484375,0
2026-03-12 01:30:00+00:00,33799.19140625,34019.48046875,33740.05078125,33899.0390625,0
2026-03-12 02:00:00+00:00,33667.5703125,33799.87109375,33648.94140625,33799.87109375,0
2026-03-12 02:30:00+00:00,33600.921875,33711.7890625,33458.640625,33707.53125,0
2026-03-12 03:00:00+00:00,33612.48828125,33659.2890625,33556.98046875,33556.98046875,0
2026-03-12 03:30:00+00:00,33604.109375,33647.37890625,33569.94140625,33604.1015625,0
2026-03-12 04:00:00+00:00,33676.5,33676.5,33534.76171875,33644.3203125,0
2026-03-12 04:30:00+00:00,33597.859375,33681.890625,33544.69140625,33636.03125,0
2026-03-12 05:00:00+00:00,33617.1015625,33646.0390625,33547.76953125,33552.12890625,0
2026-03-13 01:00:00+00:00,33320.44140625,33377.7890625,33013.4609375,33215.78125,0
2026-03-13 01:30:00+00:00,33381.890625,33468.51953125,33163.1484375,33322.03125,0
2026-03-13 02:00:00+00:00,33408.73046875,33639.1796875,33400.16015625,33426.19140625,0
2026-03-13 02:30:00+00:00,33480.2890625,33484.21875,33376.3984375,33441.421875,0
2026-03-13 03:00:00+00:00,33497.19921875,33580.51953125,33438.16015625,33440.671875,0
2026-03-13 03:30:00+00:00,33443.62109375,33500.05078125,33421.421875,33452.640625,0
2026-03-13 04:00:00+00:00,33362.58984375,33500.37890625,33355.96875,33487.51953125,0
2026-03-13 04:30:00+00:00,33395.03125,33436.96875,33301.2890625,33366.37109375,0
2026-03-13 05:00:00+00:00,33443.62890625,33467.08984375,33378.23046875,33394.3515625,0
2026-03-16 01:00:00+00:00,33314.66015625,33765.80859375,33309.44140625,33541.25,0
2026-03-16 01:30:00+00:00,33499.1484375,33549.12890625,33278.05859375,33354.58984375,0
2026-03-16 02:00:00+00:00,33419.94140625,33550.94140625,33392.83984375,33498.66015625,0
2026-03-16 02:30:00+00:00,33408.5703125,33462.71875,33339.05859375,33421.359375,0
2026-03-16 03:00:00+00:00,33434.4296875,33451.7109375,33351.30859375,33370.328125,0
2026-03-16 03:30:00+00:00,33485.1796875,33581.44921875,33402.890625,33434.140625,0
2026-03-16 04:00:00+00:00,33515.62109375,33531.37890625,33467.0390625,33523.55859375,0
2026-03-16 04:30:00+00:00,33395.26171875,33517.73046875,33386.69140625,33515.41015625,0
2026-03-16 05:00:00+00:00,33440.8984375,33457.98828125,33390.109375,33433.12890625,0
2026-03-17 01:00:00+00:00,33803.140625,33871.94140625,33380.83984375,33380.83984375,0
2026-03-17 01:30:00+00:00,33948.01171875,34008.69921875,33793.94921875,33840.828125,0
2026-03-17 02:00:00+00:00,33928.5703125,33956.359375,33868.078125,33906.26953125,0
2026-03-17 02:30:00+00:00,33771.53125,33925.96875,33770.30078125,33924.7109375,0
2026-03-17 03:00:00+00:00,33867.671875,33917.53125,33753.51171875,33776.578125,0
2026-03-17 03:30:00+00:00,33818.1796875,33910.8203125,33759.80859375,33862.69921875,0
2026-03-17 04:00:00+00:00,33739.44140625,33851.5703125,33737.2109375,33778.1015625,0
2026-03-17 04:30:00+00:00,33804.328125,33821.98828125,33709.71875,33737.51171875,0
2026-03-17 05:00:00+00:00,33823.08984375,33825.1796875,33754.1796875,33764.23828125,0
2026-03-18 01:00:00+00:00,34256.23046875,34423.66015625,33929.28125,33929.28125,0
2026-03-18 01:30:00+00:00,34363.109375,34377.26171875,34230.6796875,34253.30078125,0
2026-03-18 02:00:00+00:00,34246.390625,34399.0,34153.26171875,34362.25,0
2026-03-18 02:30:00+00:00,34353.05859375,34359.0,34237.73828125,34247.16015625,0
2026-03-18 03:00:00+00:00,34357.80859375,34367.98828125,34302.78125,34352.19140625,0
2026-03-18 03:30:00+00:00,34399.7109375,34423.26953125,34314.6015625,34357.83984375,0
2026-03-18 04:00:00+00:00,34376.44140625,34407.640625,34331.6015625,34359.8515625,0
2026-03-18 04:30:00+00:00,34233.359375,34377.921875,34230.94140625,34375.328125,0
2026-03-18 05:00:00+00:00,34347.76953125,34359.6015625,34184.46875,34239.21875,0
2026-03-19 01:00:00+00:00,33819.8515625,34279.12109375,33819.6484375,34279.12109375,0
2026-03-19 01:30:00+00:00,33952.33984375,34000.6484375,33705.73828125,33820.1484375,0
2026-03-19 02:00:00+00:00,33920.890625,33978.94921875,33893.51171875,33954.91015625,0
2026-03-19 02:30:00+00:00,33930.6015625,34027.8984375,33919.0390625,33922.51171875,0
2026-03-19 03:00:00+00:00,33945.328125,33993.8515625,33927.30078125,33932.94140625,0
2026-03-19 03:30:00+00:00,33931.890625,33990.94140625,33884.8203125,33944.01171875,0
2026-03-19 04:00:00+00:00,33746.03125,33933.96875,33744.0390625,33932.44140625,0
2026-03-19 04:30:00+00:00,33738.46875,33801.37890625,33663.78125,33743.3984375,0
2026-03-19 05:00:00+00:00,33742.12890625,33778.23828125,33679.671875,33737.55078125,0
2026-03-20 01:00:00+00:00,33558.91015625,33989.1796875,33379.23828125,33719.8515625,0
2026-03-20 01:30:00+00:00,33657.4609375,33844.05859375,33595.94921875,33603.578125,0
2026-03-20 02:00:00+00:00,33700.05859375,33743.26171875,33611.3515625,33657.87109375,0
2026-03-20 02:30:00+00:00,33780.96875,33845.96875,33658.921875,33701.4609375,0
2026-03-20 03:00:00+00:00,33747.51171875,33811.8515625,33705.91015625,33782.21875,0
2026-03-20 03:30:00+00:00,33657.0,33788.28125,33599.4296875,33746.5703125,0
2026-03-20 04:00:00+00:00,33482.80859375,33665.8203125,33452.0,33617.78125,0
2026-03-20 04:30:00+00:00,33534.16015625,33579.66015625,33481.4296875,33481.4296875,0
2026-03-20 05:00:00+00:00,33567.5703125,33574.62109375,33490.73828125,33574.62109375,0
2026-03-23 01:00:00+00:00,32681.369140625,33334.0,32461.08984375,33334.0,0
2026-03-23 01:30:00+00:00,32817.73828125,32861.12890625,32603.0,32682.919921875,0
2026-03-23 02:00:00+00:00,32800.5,32906.05078125,32749.69921875,32819.5703125,0
2026-03-23 02:30:00+00:00,32616.91015625,32843.73046875,32596.859375,32804.96875,0
2026-03-23 03:00:00+00:00,32609.130859375,32720.2890625,32552.55078125,32655.080078125,0
2026-03-23 03:30:00+00:00,32599.560546875,32676.150390625,32587.220703125,32612.05078125,0
2026-03-23 04:00:00+00:00,32696.19921875,32698.380859375,32538.48046875,32600.0390625,0
2026-03-23 04:30:00+00:00,32709.669921875,32714.390625,32638.880859375,32694.380859375,0
2026-03-23 05:00:00+00:00,32757.0703125,32816.30078125,32665.560546875,32710.189453125,0
